TS50_float,label,esm1b_ppl,esm1v_ppl,E[TS50]
64,2,2.359618902,2.3137984,61.948383
63,2,2.444769382,2.4556296,61.937874
57,1,2.424348831,2.4107082,60.046486
58,1,2.398367167,2.3888521,60.02912
65,2,2.295951128,2.2685266,61.21176
56,1,2.437785625,2.4591932,59.95224
56,1,2.47281456,2.3963237,59.969204
70,3,2.559082508,2.6397943,61.816685
55,1,2.343064785,2.3406916,59.81391
61,2,2.392172813,2.369987,54.068687
65,2,2.294232607,2.276735,55.957138
62,2,2.265179873,2.2856083,62.2885
64,2,2.335443258,2.1291068,60.9691
60,2,2.180269957,2.0654314,55.91222
57,1,2.225613594,2.1169605,58.08951
57,1,2.293987274,2.0251563,58.98886
65,2,2.18243742,2.0431154,59.281746
66,2,2.267328262,2.1348634,60.731297
58,1,2.386120319,2.3210785,58.706284
63,2,2.169620752,2.0643146,60.90213
65,2,2.206557274,2.0552204,63.28218
70,3,2.077169418,2.0180311,66.73483
58,1,2.23212862,2.1250186,59.612965
62,2,2.147453547,2.0721562,63.239693
55,1,2.111171961,2.0632362,60.105713
62,2,2.222523689,2.0856817,59.3593
64,2,2.236936331,2.058899,63.169605
57,1,2.261735201,2.16213,56.478683
65,2,2.070743561,1.9482791,59.845848
26,0,2.218204021,2.078053,58.655025
62,2,2.414690495,2.231433,57.628853
64,2,2.080018997,2.0936785,61.09658
57,1,2.224690676,2.151593,56.84013
57,1,2.326504946,2.2555916,56.356064
62,2,2.205113173,2.1219347,55.980118
60,2,2.323331594,2.0492778,61.559517
58,1,2.201976299,2.0784445,55.83348
58,1,2.216618061,2.073588,60.154102
64,2,2.190303087,1.924565,57.030685
58,1,2.425421,2.0261843,60.002075
61,2,2.135065556,1.947299,57.76567
65,2,1.8656286,1.8284982,60.08687
58,1,2.419548988,2.3094163,58.89955
58,1,2.440512419,2.3359768,58.635506
57,1,2.423591375,2.3471823,58.63184
57,1,2.476186991,2.397054,58.86666
57,1,2.449562788,2.314423,58.70408
65,2,2.240294695,2.0406091,63.3154
66,2,2.16245389,2.1204562,63.358192
57,1,2.328334093,2.1237307,61.024834
64,2,2.241594791,1.931068,60.27634
57,1,2.140084028,2.0220525,55.39348
63,2,2.142934322,2.1046503,60.050426
64,2,2.149404526,2.043542,59.02217
65,2,2.077304363,1.9741423,60.085358
62,2,2.271638393,2.176455,60.088825
58,1,2.491100073,2.3280654,58.63787
65,2,2.288117886,2.2052538,60.23333
70,3,2.53702879,2.5601635,61.775955
66,2,2.457455873,2.3765981,61.114075
66,2,2.305468082,2.3437583,63.299286
60,2,2.351192236,1.8639095,59.798843
70,3,2.385727406,2.4068704,61.44555
66,2,2.290423632,2.2873023,61.566555
64,2,2.242541313,2.2481942,62.22368
56,1,2.485452652,2.512496,60.16243
66,2,2.341455936,2.268043,62.28723
29,0,2.514579773,2.5155098,59.873863
59,1,2.397078037,2.402867,61.33788
65,2,2.271092892,2.265122,62.29515
30,0,2.539481878,2.6082592,63.262383
66,2,2.317290545,2.2723842,61.354702
64,2,2.323346615,2.313959,62.231762
57,1,2.298310757,2.3314428,58.298508
70,3,2.456740141,2.4516938,60.44456
70,3,2.414811373,2.4820175,62.223625
58,1,2.444509983,2.3501194,62.299152
66,2,2.344016552,2.316152,61.305824
58,1,2.35879159,2.3676972,51.531517
70,3,2.426739454,2.3791957,61.053856
57,1,2.391273499,2.3973703,60.89927
70,3,2.571504116,2.5644236,60.05667
64,2,2.355290413,2.3569005,61.704746
56,1,2.529414177,2.0377011,60.638176
57,1,2.424705267,2.4182518,53.33831
58,1,2.418963671,2.3745847,61.436462
58,1,2.398190498,2.4149663,58.2419
58,1,2.402176619,2.3994303,61.08784
65,2,2.43590045,2.4284856,60.90025
58,1,2.374027491,2.3940134,60.479996
61,2,1.925062895,1.8488387,59.72829
58,1,2.460706472,2.2349508,60.40658
49,0,2.546604395,2.5514472,58.642433
56,1,2.511926413,2.506411,57.308456
65,2,2.140710354,2.0198743,61.35885
56,1,2.534594536,2.4960973,60.690666
66,2,2.244657755,2.1844168,61.00212
70,3,2.465829611,2.0086803,63.0405
57,1,2.182392597,1.9344443,56.93193
57,1,2.448882341,1.9655792,60.61966
57,1,2.195904493,1.9324273,56.92347
58,1,2.406280994,2.3616061,53.943916
37,0,2.549953938,2.5087402,55.029774
58,1,1.95714581,1.8351698,59.795387
57,1,1.95650661,1.8254403,59.67118
58,1,2.398169518,1.8873695,59.808243
65,2,2.552170038,2.3120453,63.007324
64,2,1.947781444,1.843844,60.018265
59,1,2.362996578,2.1682742,60.09636
30,0,2.55046463,2.4885752,45.681694
70,3,2.434012413,1.9702978,62.44681
70,3,2.644126654,2.5717735,60.494255
64,2,2.469782591,2.2315323,63.03926
54,1,2.223101616,2.023586,60.256023
59,1,1.947314024,1.8466895,59.598442
56,1,2.496085882,2.4164615,55.400818
58,1,1.964045763,1.8509109,59.55976
59,1,2.376268387,2.462937,54.139904
59,1,1.967889309,1.8321373,59.802177
52,1,2.466975451,2.4647107,50.4506
57,1,2.180145264,1.9262053,57.1069
58,1,1.979205728,1.8599542,59.612404
58,1,2.435935974,1.9690796,62.075745
61,2,2.265425682,2.0014946,60.99228
57,1,2.555176258,2.4916675,55.016518
63,2,2.445052862,2.2924275,60.329132
57,1,2.354502916,2.2533672,58.96916
59,1,2.461819172,2.2461233,60.186726
64,2,1.943594933,1.8290501,59.699974
64,2,2.624334097,2.4773996,62.737038
32,0,2.577747345,2.5494814,58.116127
65,2,2.081303596,1.9972829,60.624454
56,1,2.386849403,2.2326045,57.289104
66,2,2.489162683,2.2776654,62.89998
59,1,2.444468975,2.27813,59.73868
56,1,2.471471548,2.4176445,54.99565
57,1,2.395593882,2.226799,57.58646
65,2,2.47517252,2.2239246,63.235714
63,2,2.507942915,2.5068622,60.228043
66,2,2.512925863,2.5039423,62.58236
65,2,2.346242189,1.877302,61.570084
64,2,2.571592331,2.336102,63.155155
65,2,2.559673071,2.2994733,63.01928
70,3,2.446875572,1.9724104,62.706135
58,1,2.663480759,2.4648027,62.859962
66,2,2.08773756,2.056261,61.192593
,-1,2.203290939,1.9337394,56.899456
70,3,2.430713177,1.9843284,62.857414
64,2,1.967312813,1.827729,60.01393
63,2,2.192378283,2.1521373,61.307373
57,1,2.334523201,2.063166,60.933773
70,3,2.550035715,2.0580354,62.079536
45,0,2.437349319,2.4108112,54.318657
57,1,2.420305252,2.2336693,57.491062
35,0,2.442907333,2.4418101,52.911453
66,2,2.475230217,2.481094,62.08186
58,1,1.966950417,1.8413336,59.502262
50,1,2.504802465,2.4626105,54.469494
70,3,2.658316851,2.6563547,58.522835
58,1,2.596129179,2.3573058,62.916878
62,2,2.099303007,2.014443,60.618206
57,1,2.259101391,1.9544909,56.551483
70,3,2.471161127,1.9988369,63.11061
63,2,2.453967571,2.26163,60.29883
61,2,2.443244934,1.9654073,61.397663
61,2,2.34258914,2.1946793,60.644157
66,2,2.339166403,2.2495642,60.911346
68,2,1.992547035,1.9203955,61.81836
45,0,2.526394606,2.5061102,54.32525
57,1,2.397828341,2.2375202,57.55672
70,3,2.507941008,2.4404588,55.531666
58,1,2.465448618,2.3972208,53.212555
58,1,2.47903657,2.436659,54.520947
59,1,1.948569179,1.8474456,59.560013
58,1,2.430155039,1.96004,61.428688
62,2,1.941954136,1.8867296,60.139988
56,1,2.434348822,2.2467592,57.396408
59,1,2.423003435,2.2671762,58.945305
50,1,2.432094097,2.406769,53.88844
58,1,2.522333622,2.3122964,60.053833
64,2,2.597318649,2.394147,62.764496
58,1,2.505699635,2.059024,62.34555
69,2,2.438713312,2.3496413,59.2816
60,2,2.446249485,2.2992828,58.90342
55,1,2.543267965,2.4965076,55.17991
69,2,2.553685665,2.3147135,63.011024
61,2,2.312702417,2.1675088,60.755608
26,0,2.512970209,2.4363372,49.384354
63,2,2.404415846,2.1649787,60.773743
57,1,1.87716794,1.8545514,59.745087
65,2,1.954974174,1.8805475,61.11583
57,1,2.500743866,2.031138,62.342278
51,1,2.471592426,2.4384203,48.360863
69,2,2.507151842,2.5168126,59.48253
65,2,2.584391594,2.3095243,62.980217
58,1,2.369065523,2.1536727,60.429054
58,1,2.417425156,2.2482347,57.43026
60,2,1.961046576,1.911911,60.196583
61,2,1.970620275,1.8382086,59.58018
60,2,2.493531942,2.483559,61.357426
61,2,2.311701536,2.2825851,60.955368
58,1,2.49406004,2.2925248,60.111618
58,1,2.183439016,1.9257205,56.998394
65,2,2.572790384,2.3524592,63.046333
60,2,1.982157946,1.8674302,59.806885
59,1,2.495888948,2.280981,60.530983
60,2,2.536040783,2.3318954,63.068405
61,2,2.561436176,2.3047087,63.01218
70,3,2.469186068,2.4375064,61.404266
60,2,2.398419142,2.1781268,60.471626
57,1,2.233114481,2.055483,59.952366
58,1,1.941478848,1.8482374,59.74962
57,1,2.462122202,2.3450344,58.872253
62,2,2.568165541,2.3244822,63.189083
66,2,2.513144732,2.2566497,63.119545
57,1,2.393052578,2.380591,58.596657
65,2,2.343913317,2.180717,60.694336
56,1,2.53754282,2.471668,55.48407
64,2,2.116379023,2.0049365,61.62749
58,1,2.448786497,2.424377,54.39392
58,1,1.946838021,1.8420007,59.558468
36,0,2.540735483,2.4666154,55.59375
57,1,2.166922569,1.9223927,56.941345
59,1,2.207500458,2.0509908,59.65935
58,1,2.192523241,1.9341065,57.02051
57,1,2.424817801,1.9208374,60.585747
58,1,2.170527458,1.9170344,56.89261
66,2,2.307652473,2.1815903,60.033577
48,0,2.428958654,2.4134178,48.96437
58,1,2.420305252,2.2336693,57.491062
62,2,2.507235289,2.454179,60.11109
66,2,2.229789019,2.2043185,60.87939
63,2,2.497466803,2.2529373,60.378716
65,2,2.108588696,2.108082,61.400352
64,2,2.47633481,2.2709594,63.154316
65,2,1.931633353,1.8351959,59.91275
58,1,1.977147818,1.855837,59.66488
62,2,2.399438143,2.1454525,63.21103
61,2,2.27254343,2.0647843,60.879684
67,2,2.502230167,2.447539,60.459232
61,2,2.44934392,2.4455643,61.9281
55,1,2.48111105,2.4089735,55.668953
57,1,1.913802147,1.8271202,59.566166
61,2,1.928437114,1.8019638,59.633583
57,1,2.228113413,1.9584295,59.943222
68,2,2.3813591,2.4318726,59.89194
63,2,1.95670867,1.8499775,59.86792
58,1,2.439584017,2.2154465,60.49114
57,1,2.186081886,1.9277822,56.856613
54,1,2.527603388,2.4698257,55.167725
58,1,2.487844467,2.404925,53.249245
57,1,2.324962616,2.1658094,58.847084
70,3,2.462277412,2.00852,62.52305
70,3,2.417238951,1.9544611,62.005154
58,1,2.435533524,2.1997824,63.109203
58,1,2.176353216,1.9210165,56.985962
62,2,2.376785278,2.1509328,60.49803
60,2,1.949867487,1.8059458,59.68673
58,1,2.439308405,2.1992304,62.87763
52,1,2.515294552,2.472117,50.214184
65,2,1.991956949,1.9315047,61.212906
58,1,1.925028086,1.8454344,59.774487
57,1,1.95895803,1.8925602,60.098404
70,3,2.76132679,2.752154,59.072296
32,0,2.526398897,1.9756761,59.42791
64,2,2.509287119,2.3126643,60.391113
62,2,2.349938869,2.0969853,60.60479
64,2,2.413476944,2.3700352,60.87486
55,1,2.486764431,2.451949,54.244263
58,1,1.945349216,1.8352277,59.49807
62,2,2.324852705,2.1595635,60.226585
58,1,1.946111917,1.8345026,59.683834
57,1,2.556634426,2.533128,55.180767
64,2,2.258620977,2.0100756,60.144886
58,1,2.174100399,1.9193732,56.822033
58,1,2.436761856,1.9666319,63.215034
57,1,2.467666149,2.4643521,54.24904
57,1,2.411758423,2.229596,59.871902
57,1,2.585717678,2.5001745,59.52729
57,1,2.492701292,2.4096506,55.759743
58,1,2.260582685,2.0828395,60.557064
59,1,2.177049637,1.9266353,56.74483
58,1,2.427158594,1.9852611,62.127407
56,1,2.515628815,2.4437582,55.62364
57,1,2.549690962,2.535756,48.60466
56,1,2.391716957,2.2331748,57.278275
57,1,2.372817755,2.2768502,58.648647
55,1,2.490069628,2.4507475,54.635597
65,2,2.033180237,1.9942366,61.706066
56,1,2.272291899,2.0848083,59.9895
66,2,2.143530846,2.0907035,61.740646
59,1,2.311515093,2.1489522,60.193928
63,2,2.555167913,2.5857027,60.92019
63,2,2.517685652,2.3076067,62.902348
65,2,2.427618742,2.2324822,63.236652
,-1,2.005090237,1.9010178,59.849888
56,1,2.435889959,2.2601624,56.92209
57,1,2.491451979,2.4495523,54.505302
56,1,2.485221386,2.434111,54.441322
70,3,2.349386215,1.8888406,62.17541
58,1,2.425210714,1.9661734,61.672134
58,1,2.18221879,1.9297519,56.973236
63,2,1.929851651,1.8362254,59.85581
28,0,2.564992905,2.501346,55.96245
58,1,2.537876368,2.3229327,63.091972
58,1,2.433568716,2.2365906,60.39778
65,2,2.486437798,2.4036083,61.177444
70,3,2.401346922,1.9634943,62.579945
58,1,2.52080822,2.3081126,59.93934
56,1,2.484123468,2.4250853,55.45253
64,2,2.618596554,2.3794453,63.05995
56,1,2.535420895,2.490288,55.122025
58,1,2.422807693,2.2588537,57.443604
57,1,2.406835318,2.2404404,57.342636
63,2,2.597141743,2.3440497,62.940773
57,1,2.462382317,1.942101,62.09661
59,1,1.977351069,1.8294977,59.761406
57,1,1.943214178,1.8567996,59.657642
58,1,2.55493021,2.372671,59.690315
63,2,2.513836861,2.2599728,63.11924
55,1,2.511966705,2.4210918,55.771103
56,1,2.418731689,2.2470922,57.289062
56,1,2.419412613,2.2451887,57.61966
60,2,2.35342145,2.133872,60.7088
57,1,2.477128029,2.263567,60.12494
52,1,2.467503548,2.3935835,55.59385
57,1,2.480200768,2.293974,60.56109
66,2,2.997879267,2.4242322,64.01051
66,2,3.091431141,2.4724398,64.63545
66,2,3.058956146,2.4089863,64.35495
58,1,2.206260681,2.0439546,59.16674
65,2,2.729438305,2.6019769,67.380295
68,2,3.031840324,2.3639758,64.10735
68,2,3.039476395,2.3617294,64.296936
64,2,1.996298432,1.8366847,64.24335
65,2,2.252233028,1.9005117,58.307735
70,3,2.880559683,2.2616816,65.3092
68,2,3.064814806,2.5159714,63.875397
58,1,2.195528746,2.085917,59.681183
70,3,2.593408585,2.5396655,67.68317
56,1,2.329829931,2.0384433,58.0839
70,3,2.693241596,2.6332104,67.422935
59,1,2.688770771,2.6948366,61.772438
60,2,2.161896229,2.0724049,60.159134
66,2,2.827019453,2.3038077,65.62115
70,3,1.820240259,1.7097486,65.471565
60,2,2.653696537,2.5635498,63.527718
70,3,2.642059803,2.6012466,67.841484
58,1,2.406042576,1.8998796,57.825157
60,2,3.377737284,2.6524253,63.87107
70,3,2.470894098,2.4724758,67.57825
65,2,2.116375923,2.0568292,59.98484
63,2,2.170676708,1.9470448,62.031563
66,2,2.56140542,2.559959,66.11261
70,3,2.78744173,2.7190797,68.76511
65,2,2.137745857,2.0625114,60.824883
70,3,2.611636639,2.5413597,67.20508
70,3,3.001640558,2.415824,67.523415
70,3,1.844457865,1.7149098,66.34894
64,2,2.527700901,2.5050468,63.39346
70,3,2.643707752,2.5499723,64.239914
68,2,2.422353745,2.4472249,65.3734
62,2,2.897896767,2.2976687,63.74948
59,1,2.569072723,2.551141,65.44032
58,1,2.217309475,1.8970363,58.1777
66,2,2.698594093,2.712812,66.88265
62,2,2.127241135,2.0452762,60.17919
58,1,2.171857119,1.8898679,58.05393
70,3,2.949609995,2.490957,68.190125
70,3,3.044635534,2.5421524,68.18027
70,3,3.095093727,2.499266,66.829834
68,2,2.993912697,2.4561918,64.668884
70,3,1.857465744,1.7448542,67.1124
58,1,3.11603117,2.495901,61.421913
70,3,2.518248081,2.446957,68.29922
,-1,2.864029884,2.7414284,65.498085
67,2,3.119270086,2.5377471,67.08379
68,2,2.560333252,1.903567,62.14038
58,1,2.135861635,1.8642018,57.2301
70,3,3.089713573,2.5722184,67.713455
67,2,3.042514801,2.516307,66.99264
70,3,3.06942296,2.6247687,68.46269
59,1,3.312821627,3.1761165,61.010235
65,2,3.083384991,2.3092308,64.0468
70,3,2.999862432,2.4034708,67.672035
65,2,2.540218353,2.5455132,63.897472
70,3,2.663037777,2.6268752,65.79285
70,3,2.964406729,2.489962,67.609535
57,1,3.13497448,2.493647,59.317078
67,2,3.049466372,2.553966,62.632584
70,3,2.977291346,2.4625638,68.193344
61,2,2.532561064,2.5199184,63.529232
70,3,2.567800283,2.5851753,68.11801
67,2,2.378657818,2.4624972,65.74955
64,2,3.113415241,2.5438447,63.900352
65,2,3.003152132,2.4869075,62.18743
60,2,3.136630535,2.4715388,64.19753
67,2,3.221786261,2.7798014,67.17716
70,3,2.649063826,2.6394296,64.96517
70,3,2.986411333,2.441723,68.07134
66,2,2.739299059,2.619139,65.79601
67,2,1.993933201,1.8167485,65.17427
58,1,2.292108297,2.131543,59.345825
66,2,2.914899588,2.3771744,62.60881
70,3,2.610257864,2.554388,68.314445
70,3,2.976301908,2.4395697,67.20251
70,3,2.506712437,2.4791708,66.26167
63,2,3.1466012,2.4313152,64.79707
62,2,2.991132736,2.496505,63.28498
57,1,3.040644884,2.5238276,63.56539
58,1,2.112876415,2.0235045,60.85135
68,2,3.086500883,2.5707626,67.701035
70,3,2.476339579,2.473522,67.58981
70,3,2.628361225,2.547162,68.19553
62,2,2.962023497,2.3550074,61.057022
70,3,3.112374067,2.4291024,65.31297
70,3,2.832800865,2.3265448,67.529655
65,2,2.658128023,2.6682243,65.8757
58,1,2.03278327,1.9212748,60.68602
67,2,2.972719669,2.436307,64.43774
70,3,3.035589218,2.4856384,66.95131
69,2,2.950732231,2.4365034,67.67363
59,1,2.28126502,1.8223964,58.379486
70,3,3.133838892,2.5841188,68.1671
70,3,2.588696241,2.5362797,68.51748
65,2,2.005303144,1.9512622,61.15128
58,1,2.26287055,2.1584048,59.78878
70,3,3.016103745,2.4724476,63.060226
65,2,2.596876144,2.5420446,64.76289
59,1,2.088695288,2.0104194,60.85547
61,2,3.303966284,2.7095547,64.06853
57,1,3.261287689,2.683684,59.430527
65,2,2.820038557,2.207218,59.388405
67,2,3.042086124,2.426255,66.792656
69,2,3.06389904,2.5424297,66.780685
70,3,2.546326637,2.5523577,68.83884
61,2,2.961280823,2.3192613,63.045208
70,3,2.963634729,2.4454477,68.043816
57,1,3.285265446,2.663851,60.330933
56,1,2.020671368,1.8442992,62.25341
70,3,2.938231945,2.4369822,67.54133
63,2,3.121748209,2.5187786,62.5608
70,3,2.484818935,2.4119444,69.33552
70,3,2.966126919,2.4322147,67.27604
69,2,3.019296885,2.5017004,67.16029
70,3,2.921945095,2.3838964,67.360825
70,3,3.052055359,2.3667476,65.131744
68,2,2.937805891,2.282531,63.823753
61,2,2.246238947,1.9710742,59.244728
61,2,2.609747171,2.5461268,62.533043
62,2,2.947563648,2.32425,62.236366
57,1,2.729335308,2.6240847,62.25882
57,1,3.304733038,2.7387192,59.58172
64,2,2.829166889,2.3987303,62.035927
66,2,2.880968332,2.3020537,63.006886
70,3,2.83870244,2.3008165,68.06181
57,1,2.835680485,2.645711,58.598816
57,1,2.164133787,1.954979,62.798355
70,3,2.909489155,2.3631182,67.52194
58,1,2.611097097,2.5543242,66.164314
68,2,2.450409889,2.4483194,66.31327
58,1,2.944807529,2.6789215,58.589867
58,1,2.929567337,2.6966665,58.55673
65,2,2.598561049,2.5479438,63.77815
46,0,3.190128565,2.5090578,59.06244
57,1,2.87155962,2.6737416,58.409634
64,2,2.960298061,2.826605,60.48127
62,2,2.795701742,2.6893065,60.91326
65,2,2.630158901,2.595423,62.564186
65,2,2.509997368,2.4351554,63.53047
67,2,3.182588816,2.5367734,64.83302
64,2,3.097897291,2.3321972,63.452812
70,3,2.70164299,2.6334314,65.210976
70,3,2.592406511,2.484754,66.27642
70,3,2.543401003,2.5071945,68.35073
57,1,3.102165461,2.4623241,59.245674
57,1,2.051068783,1.9062003,59.444046
70,3,3.051133633,2.3605614,64.89581
70,3,3.188652277,2.5801213,61.836212
57,1,2.79574275,2.6383343,59.10421
66,2,2.822769403,2.6996646,64.522125
58,1,2.747075081,2.50039,61.680748
66,2,2.670166731,2.6632059,61.332546
70,3,2.858449459,2.271512,65.62171
68,2,2.667885303,2.6471035,67.12361
66,2,2.999160767,2.3195453,63.3727
52,1,2.152226686,1.9820241,59.46504
64,2,3.502075195,2.8889205,63.10157
68,2,2.619110346,2.622722,62.735004
64,2,3.105228424,2.5085223,63.13289
58,1,2.860227585,2.6544476,58.999493
64,2,3.265904427,3.1542416,61.041527
58,1,2.897277832,2.6467297,58.454712
70,3,2.62146306,2.5020034,64.88229
64,2,2.722831488,2.6351671,62.15935
64,2,2.748805761,2.7173226,63.95099
58,1,2.334933758,2.2110467,64.41233
70,3,2.999403,2.770135,68.41731
70,3,2.400807142,2.219646,66.73717
58,1,2.646870375,2.064406,65.890465
61,2,2.263290167,2.1097116,62.967464
58,1,2.52339077,2.283544,60.94313
70,3,2.561516285,2.474487,69.23056
70,3,2.580798864,2.4951737,69.2802
70,3,2.233538389,2.2190762,63.851032
55,1,2.54124856,2.0568335,65.31977
70,3,2.331376314,2.17952,66.13376
57,1,2.590377092,2.0899684,64.97505
70,3,2.555558681,2.0029602,66.51392
68,2,2.517174244,2.1402595,60.474022
63,2,2.255943537,2.2115262,63.581814
62,2,2.558640718,2.0472157,65.80615
43,0,2.41448617,2.2635477,62.441666
70,3,2.540637732,2.4652858,66.59859
55,1,2.295946598,2.199254,62.80153
65,2,2.245917559,2.1355472,66.274445
57,1,2.360782623,2.0149138,57.52536
32,0,2.728288889,2.3870354,63.636322
70,3,2.525772572,2.350512,65.616196
70,3,2.198007822,2.0938952,66.17639
70,3,2.155045748,2.1463451,66.05266
60,2,2.24977088,2.0203626,64.84269
70,3,2.401175022,2.2916737,66.9603
70,3,2.41984272,2.2628803,66.03089
70,3,3.049917936,2.7990286,68.632095
61,2,2.45533824,2.340139,67.49837
66,2,2.457366228,2.289866,65.79746
70,3,2.55887866,2.4770238,69.25365
58,1,2.295654058,2.1426883,63.25907
70,3,2.029925346,1.9365511,66.254974
70,3,2.301357508,2.0699565,66.00342
65,2,2.401560307,2.2805197,65.903915
70,3,2.714136839,2.1104083,63.928658
70,3,2.462665319,1.945108,66.46221
63,2,2.249083281,2.1991456,63.599266
70,3,2.853144884,2.7686486,68.48838
70,3,2.784674644,2.7206466,68.443504
52,1,2.620982885,2.4121993,64.63553
70,3,2.524190664,2.3803687,64.69429
59,1,2.679143429,2.644848,62.95552
70,3,2.399527073,2.3134925,67.83058
70,3,2.310925722,2.2123256,67.11728
70,3,2.347770214,2.1553798,66.77549
59,1,2.24798131,2.1185558,59.829666
58,1,2.285421133,2.0653841,60.54249
61,2,2.081112146,1.9739544,60.345596
58,1,2.308261633,1.8584883,57.120728
70,3,2.424454212,1.9899086,64.85104
64,2,2.394268751,2.0878687,60.351936
59,1,3.10090065,2.5412004,61.105522
59,1,3.161514759,2.567152,59.499966
70,3,2.385291815,2.2042706,65.64739
57,1,3.286261797,2.6961353,58.77089
70,3,2.475512266,1.9530691,66.159874
70,3,2.501025438,1.9510361,64.05505
70,3,2.451638937,2.2995977,66.781906
64,2,2.479868174,1.9704672,65.48241
66,2,3.051525354,2.4385438,62.592903
58,1,2.487059355,2.149026,57.58973
58,1,2.379450083,2.2767236,58.39026
66,2,2.546448231,2.0448413,59.798325
64,2,2.382784367,1.9310286,62.929024
57,1,3.012238741,2.1025007,57.5593
66,2,3.076699495,2.54204,61.143097
59,1,2.313213587,1.8145218,60.875694
57,1,2.184668064,1.786897,59.66427
65,2,2.277002811,2.3414397,59.54354
70,3,2.651196718,2.5662954,69.2053
58,1,2.287228584,1.8469169,60.578278
64,2,2.473112583,2.122172,61.73853
64,2,2.279783487,1.8300015,61.80265
58,1,2.625644922,2.265009,59.836197
57,1,3.138946772,2.5803084,60.397636
57,1,2.374431133,1.9058791,61.723934
60,2,2.224339008,1.8139049,62.018906
57,1,2.927150488,2.0800977,56.968685
58,1,2.364060402,2.3247116,58.284435
57,1,2.43821907,1.9591169,60.192978
68,2,3.001249075,2.4184506,59.89174
70,3,2.567364693,2.4710648,69.05602
57,1,3.270851851,2.619827,59.49787
65,2,3.024650335,2.436588,62.553253
57,1,2.372087479,2.4101355,58.73948
68,2,3.100866795,2.5143702,62.731216
55,1,3.190362692,2.5498688,59.17438
57,1,3.153127193,2.521398,59.28597
57,1,3.089064837,2.533337,60.164864
68,2,2.645523071,2.2960646,65.52309
70,3,2.169123173,2.0496948,66.868256
64,2,2.45232749,2.2810407,66.17078
70,3,2.271917105,2.1323502,66.07124
57,1,3.034183025,2.5736475,63.03726
66,2,2.364207983,2.1337168,63.22132
58,1,2.541384459,2.2524097,61.941982
29,0,2.467717648,2.1868846,61.2507
65,2,2.324375868,2.251467,65.829094
61,2,2.373194695,2.056958,63.530106
57,1,2.657909393,2.2447886,54.992188
57,1,2.519554138,2.2632132,63.204315
64,2,2.187319517,2.0773995,64.78123
61,2,2.21977663,2.2224245,58.71131
45,0,2.686290741,2.3317196,49.603138
57,1,2.669205904,2.2443106,49.431053
68,2,2.40220809,2.1433117,63.738613
57,1,2.083576918,1.9061856,56.790848
57,1,3.057412386,2.467647,63.37964
57,1,2.392433167,2.3935044,58.134445
66,2,2.38415432,2.0719693,63.855892
66,2,2.453710079,2.232878,64.87155
57,1,2.744079113,2.2759902,54.240025
67,2,2.409928322,2.1449604,64.21031
66,2,2.648617029,2.5945332,63.00972
70,3,2.816926003,2.7769232,64.217125
57,1,2.865768194,2.7097442,61.60255
70,3,2.459882021,2.223565,66.97964
57,1,2.272882938,2.261131,56.963722
70,3,3.135200977,2.5555484,68.47826
70,3,2.757986069,2.5732446,68.08252
69,2,2.479813814,2.424699,63.2392
52,1,2.206522226,2.131154,57.982834
55,1,2.361681461,2.450507,57.75225
55,1,2.255100965,2.1524339,56.757828
63,2,2.668118,2.6871767,62.74798
70,3,2.294366598,2.1046257,66.03595
57,1,2.433784723,2.0210268,57.548683
57,1,2.534225464,2.4155416,57.263138
57,1,2.344739676,1.9706279,57.446655
58,1,2.357093573,2.0123212,60.316048
57,1,2.311150074,2.2804604,56.860897
57,1,2.401212931,2.357384,59.203773
56,1,2.263145447,1.8382154,57.885574
70,3,2.524540424,2.3588698,66.94646
65,2,2.51501894,2.5983396,64.317276
57,1,2.403508186,2.3741424,57.004597
57,1,2.474459887,2.049693,57.64378
65,2,2.37853694,2.2580948,64.25613
60,2,2.354380369,2.2274203,65.74759
66,2,2.692174196,2.5468028,68.83762
55,1,2.339764357,2.228731,60.676308
67,2,2.360797405,2.131662,65.547485
57,1,2.342655659,2.269222,59.249172
57,1,2.081237555,1.8882335,58.034073
70,3,2.659235954,2.5743906,64.0129
67,2,2.590434551,2.6317852,64.99723
62,2,3.041162968,2.447751,62.851345
70,3,2.494333744,2.2453463,66.26638
70,3,2.263994217,2.097568,66.68532
70,3,2.353632927,2.1984222,66.65689
70,3,2.268240452,2.1120374,67.18467
70,3,2.429872274,2.2343674,66.71467
66,2,2.727966309,2.6987038,62.76867
66,2,2.810945034,2.6359272,64.24762
66,2,2.635790586,2.56719,65.2012
62,2,2.46013999,2.335259,66.53091
70,3,2.902551889,2.3493176,67.56554
63,2,3.066724777,2.4864924,63.136
65,2,2.978732824,2.3873036,66.507416
62,2,3.09526968,2.526824,59.800262
56,1,3.271831512,2.6695945,59.713036
66,2,2.519814968,2.0615919,61.31212
70,3,2.184762478,2.1119955,65.13108
66,2,2.259273529,2.1643324,65.24425
66,2,2.653432369,2.1987329,62.273945
57,1,2.408109665,2.0293467,55.554897
60,2,2.993352652,2.6324644,61.6705
56,1,2.451556444,2.1519158,59.708706
55,1,2.633317947,2.1814878,61.58336
60,2,2.158544779,1.8875664,63.155293
66,2,2.674880505,2.344654,59.75508
66,2,2.359368086,2.3339942,65.430214
66,2,1.969936967,1.545232,62.54231
57,1,2.605502844,2.2108972,52.264786
65,2,2.511616945,1.9465587,64.05643
65,2,2.15699625,2.0707307,60.772346
57,1,2.409502268,2.071327,61.446365
68,2,2.667104959,2.7548177,64.7923
70,3,2.812724113,2.5439658,69.30197
66,2,2.397908211,2.0027928,61.68492
66,2,2.446445465,2.13312,61.80104
67,2,2.388856888,2.2002969,63.129425
70,3,2.462384462,2.052499,62.831963
60,2,2.478080511,2.3840206,67.25827
57,1,2.37187171,2.0286963,61.011787
70,3,2.348117828,2.253512,65.25815
70,3,2.266530275,2.110482,65.06267
70,3,2.168131351,2.0067582,66.73088
70,3,2.499064684,2.583836,65.267456
66,2,2.522179127,2.1224873,62.781525
66,2,2.697841644,2.2517219,61.76232
66,2,2.399679422,2.3132994,62.240437
66,2,2.680134058,2.2325547,62.458237
66,2,2.547330141,2.157623,62.077538
70,3,2.229423761,1.7181988,68.20232
58,1,2.169131279,1.6426485,66.67567
66,2,2.304559708,2.1894305,64.91377
67,2,2.551389933,2.178083,62.575325
69,2,2.578807831,2.6939898,64.78067
70,3,2.802877426,2.5177076,69.57461
66,2,2.719058275,2.2809699,61.67272
66,2,2.541334867,1.9600161,64.02406
70,3,2.804843664,2.5312598,69.708405
70,3,2.302515745,2.1889863,65.46213
66,2,2.495110512,2.0898921,62.75297
56,1,2.498158216,2.180174,59.187794
70,3,2.628164053,2.7121737,65.17184
66,2,2.55030489,2.1308842,62.719856
66,2,2.560487986,2.1476123,63.37025
65,2,2.303224802,2.192571,65.1501
60,2,2.517087936,2.3808959,59.413315
70,3,2.088699341,2.073775,63.283554
68,2,2.70499754,2.7805932,64.37894
58,1,2.405930996,2.3320935,62.57632
58,1,2.773421288,2.3156703,61.476944
70,3,2.899916172,2.498036,69.4105
28,0,2.657118559,2.2585647,52.977325
67,2,2.604972124,2.213346,62.71257
70,3,2.191114426,2.1179087,68.40005
65,2,2.583492279,2.1496918,63.210003
70,3,2.502017975,2.071999,63.384415
66,2,2.505846024,2.1104398,62.506157
67,2,2.422344208,2.4652193,66.93328
70,3,2.407982588,2.3449814,66.4115
66,2,2.606809855,2.1824656,62.8479
70,3,2.263101816,2.2332222,65.90781
70,3,2.265639305,1.7707345,66.271675
57,1,1.97696352,1.9033014,56.58354
70,3,2.182559967,1.6526304,66.407776
66,2,2.73757267,2.2789798,62.29355
66,2,2.889142036,2.478432,63.950054
70,3,2.224365711,2.160258,67.822876
70,3,2.591780424,2.1483092,63.659405
66,2,2.278352261,2.0680628,66.54102
70,3,2.338733912,2.2258122,66.12756
53,1,2.669349432,2.3485801,59.738125
57,1,2.623553038,2.1893642,62.766605
57,1,2.522115469,2.1328897,61.28873
56,1,2.512389183,2.268088,55.800648
62,2,2.312236071,2.2347615,64.66971
65,2,2.339989662,2.2598965,65.16741
70,3,2.290292263,1.7747853,66.91913
67,2,2.434502602,2.0432184,62.999336
70,3,2.925835133,2.558497,69.57203
57,1,2.430619001,2.3374686,60.319893
66,2,2.253760815,2.1832738,65.564316
70,3,2.22820282,2.1885316,65.9426
68,2,2.516045094,2.5772398,64.962944
70,3,2.215947151,2.1636813,66.18443
70,3,2.763266563,2.412618,69.585304
70,3,2.227263212,2.1897707,65.798515
70,3,2.810290813,2.5567195,69.5672
66,2,2.144458055,1.6393261,65.59843
70,3,2.891609192,2.6017413,69.49685
68,2,2.573714972,2.188168,62.1046
66,2,2.273291826,2.2198544,65.137146
70,3,2.24715209,2.0480206,66.82297
66,2,2.613544226,2.4564564,64.47233
65,2,2.842612743,2.5370116,69.125755
66,2,2.314157486,2.2464764,64.122025
66,2,2.311264992,2.1699238,62.774994
66,2,2.670589209,2.2219732,62.191162
57,1,2.454073429,2.0238225,59.570232
58,1,2.515575171,2.134331,61.639534
65,2,2.214410543,2.0611444,60.874638
66,2,2.530399084,2.063254,61.761272
70,3,2.256317854,1.6754174,66.085106
66,2,2.389492273,2.2443602,62.84802
70,3,2.76152873,2.3430598,69.62327
58,1,2.231399775,1.7132876,66.5215
58,1,2.155553579,1.9594148,59.29943
70,3,2.794624329,2.3970313,69.6383
57,1,2.475797653,2.06273,55.366703
66,2,2.290141106,2.2968028,64.51055
58,1,2.277440786,2.1928647,59.701347
66,2,2.544387579,2.143364,62.518814
67,2,2.255374908,2.2476995,60.3806
68,2,2.508632183,2.0450947,58.590164
70,3,2.761241436,2.4812267,69.68976
58,1,2.452795267,2.3091063,62.83165
66,2,2.469280243,2.3568506,59.0056
70,3,2.785130739,2.599469,69.64542
63,2,2.338230848,1.8206155,63.878304
70,3,2.507145405,2.4866185,65.645966
64,2,2.387582302,2.2859867,65.126625
66,2,2.586028814,2.1765296,62.283722
70,3,2.242421389,2.06817,68.24271
57,1,2.49090147,2.3717167,59.571785
70,3,3.051258087,2.766582,69.742905
66,2,2.48728776,2.0754242,63.00406
58,1,2.567048073,2.2716398,61.54035
55,1,2.272269011,2.249935,61.342987
70,3,2.790254831,2.5282934,69.723434
70,3,3.028423548,2.520087,69.57189
70,3,2.844526768,2.5397663,69.684906
66,2,2.440401316,2.052728,62.615555
66,2,2.481808186,2.4467018,64.32344
69,2,2.714748383,2.7496357,64.4484
62,2,2.343747377,1.8513178,63.672062
65,2,2.30044055,2.148692,64.22591
70,3,2.629259109,2.250397,65.120605
66,2,2.512415886,2.110262,62.57426
58,1,2.602123022,2.747194,65.17495
70,3,2.602279902,2.6363711,63.01219
66,2,2.311697245,2.2435243,62.27639
,-1,2.231802702,2.2403255,60.131737
,-1,2.232291698,2.204442,61.93793
57,1,2.363587618,2.0523088,56.2125
57,1,2.356067419,2.0950708,56.32258
57,1,2.392930269,2.0747886,55.926476
66,2,2.358757019,2.0735023,56.384327
57,1,2.353287458,2.0265183,55.93297
57,1,2.366884947,2.0576582,56.21187
57,1,2.430181026,2.1207254,58.236675
58,1,2.427118063,2.1100426,56.60286
57,1,2.34270525,2.0644708,56.053303
57,1,2.416481256,2.0582564,55.670753
57,1,2.424728394,2.0991032,56.47796
57,1,2.387560606,2.0812354,56.38523
57,1,2.417805433,2.1156251,57.283333
57,1,2.450071812,2.1342106,57.491962
57,1,2.41296339,2.0867646,56.493237
64,2,2.411172628,2.0999687,56.462936
58,1,2.398842812,2.075594,56.43517
48,0,2.422652006,2.1246963,56.13843
57,1,2.376475096,2.0621495,56.048824
62,2,2.383981466,2.0878592,56.505974
58,1,2.331011057,2.0428123,56.11432
57,1,2.389879704,2.0790055,56.369595
57,1,2.403412819,2.089308,56.099438
57,1,2.384787798,2.0599048,56.15388
53,1,2.407908916,2.407637,53.411667
46,0,2.466997385,2.4589446,53.49638
50,1,2.415927887,2.4469848,54.96427
51,1,2.461528301,2.5127225,54.994255
50,1,2.390501261,2.4423878,54.64066
53,1,2.353623152,2.4642756,54.89556
50,1,2.391885757,2.4826155,54.94545
50,1,2.386641264,2.4664493,54.701706
53,1,2.442996502,2.4326797,53.37617
54,1,2.276008368,2.3221114,54.354767
54,1,2.301373482,2.3924477,54.213966
54,1,2.416954279,2.4361906,53.3049
56,1,2.42121315,2.4535193,53.063065
55,1,2.455289364,2.4901316,53.22896
55,1,2.440531731,2.4597907,53.76186
48,0,2.257633686,2.3589532,54.37831
55,1,2.435715914,2.4796815,53.688206
47,0,2.537711143,2.5760548,52.87235
55,1,2.441137075,2.4864557,53.206413
55,1,2.430797815,2.4749014,53.04706
53,1,2.48707366,2.4890556,53.0491
54,1,2.44185257,2.4822788,53.54905
56,1,2.454938412,2.5625691,54.435043
53,1,2.455114365,2.5665758,54.7557
53,1,2.406069279,2.5182524,54.735363
54,1,2.388090134,2.4688473,54.8589
48,0,2.434174299,2.4101062,53.16338
55,1,2.485316038,2.5116532,54.130753
55,1,2.453104734,2.5215204,54.38263
55,1,2.430463791,2.5013344,54.61653
53,1,2.36161828,2.5097723,56.357502
55,1,2.336890936,2.434304,56.32634
53,1,2.329851866,2.4238408,56.302532
53,1,2.295173645,2.3966892,56.294106
54,1,2.357461929,2.499015,56.331554
54,1,2.325469494,2.469937,56.319252
55,1,2.307207346,2.3594546,54.090275
55,1,2.269851446,2.3547785,54.467552
55,1,2.32629776,2.4213667,54.217957
52,1,2.303985834,2.3492198,54.35677
70,3,1.946806192,1.7807279,67.289185
70,3,1.996063471,1.8090179,66.67868
56,1,1.921961665,1.9627198,61.13571
70,3,1.93658793,1.7060323,67.23323
66,2,1.908241153,1.7013799,66.54948
70,3,1.947960258,1.7498088,65.16281
63,2,2.098274946,2.068522,66.47198
70,3,2.317671537,2.287437,68.44468
70,3,2.019411802,1.822115,66.524155
48,0,1.989508629,1.7401664,61.141296
65,2,1.972396016,1.7666721,61.933327
66,2,2.182528257,1.9415091,60.928757
70,3,1.85989666,1.7203041,65.586464
70,3,2.056675196,1.8939624,68.908554
70,3,2.106712341,2.0259745,65.05199
55,1,1.903051615,1.6769519,65.606316
53,1,2.270310163,2.3250551,63.860687
57,1,2.392450809,2.354644,67.56067
67,2,1.76175034,1.7646259,65.05727
62,2,2.154198408,2.043543,65.78779
53,1,2.422999382,2.1151633,56.01618
70,3,1.931262016,1.741662,67.297935
64,2,1.997407556,2.0567124,62.066086
74,3,1.876052737,1.7363464,67.385605
70,3,2.103394508,2.0797088,66.06915
55,1,2.03026104,1.8765643,66.44983
63,2,2.18312192,1.9118434,65.71473
58,1,2.0574615,1.7594789,61.87115
68,2,1.916285753,1.7274232,66.26378
57,1,2.404840469,2.140986,56.89431
70,3,2.14931345,1.8801731,67.84363
55,1,1.934439421,1.8121483,67.02662
58,1,1.914604306,1.7680911,62.25474
63,2,2.141075611,1.8824495,66.65253
60,2,2.058694601,1.8856025,61.060028
64,2,1.923522592,1.92072,61.225586
70,3,2.160389185,2.0136075,65.88834
70,3,2.116510153,1.9610234,64.77236
70,3,2.084300041,1.8869157,68.756775
74,3,1.950809121,1.7524188,67.38129
68,2,2.010009766,1.8466682,62.755272
55,1,2.140651226,2.1068084,63.11377
70,3,2.238825798,2.18763,66.9527
74,3,1.877565145,1.6663079,67.68636
70,3,1.937738776,1.685865,67.42262
63,2,2.014097452,1.8343722,66.32132
70,3,2.144095898,1.7615894,61.19266
75,3,1.936982751,1.8821961,63.621758
55,1,1.932052612,1.7244543,68.03073
72,3,1.962634206,1.7517532,67.35565
70,3,1.978981853,1.7572533,66.57901
58,1,2.057122231,1.8667403,65.955795
55,1,1.816660523,1.7694933,59.2366
70,3,2.02661252,1.8233246,66.05392
64,2,2.075905085,1.9694586,64.83161
70,3,2.030226946,1.817347,66.53851
55,1,2.343547583,2.1270916,57.476936
70,3,1.995823264,1.7605058,67.31641
70,3,2.184643269,2.03209,67.05274
75,3,1.919648528,1.7204977,67.32072
56,1,2.436210871,2.0524166,58.13453
55,1,2.131838083,1.9405973,65.06114
65,2,1.973029613,1.7651575,66.25987
53,1,1.779657841,1.8645945,60.278275
52,1,2.307146788,1.7214664,62.257767
56,1,2.032604933,1.751423,66.63202
70,3,2.343168974,2.2092159,68.686386
72,3,1.962307811,1.7777497,66.80313
70,3,1.930674672,1.7433165,66.92565
70,3,2.244970798,2.1375947,66.19547
58,1,2.3636446,2.103001,56.8951
70,3,2.414221764,2.3085675,68.04277
64,2,2.041372061,1.7820853,66.17077
73,3,1.951842904,1.7217488,67.489136
70,3,2.171756506,1.9122812,68.2275
70,3,1.919648528,1.7204977,67.32072
55,1,2.425364017,2.1926923,57.495773
54,1,2.139985085,1.7678735,58.160183
57,1,1.834372997,1.9231542,60.73487
57,1,1.854441404,1.6875672,61.014637
70,3,2.005707264,1.848087,67.97252
70,3,1.967082739,1.8166087,67.38931
70,3,1.948864579,1.7497531,65.48058
72,3,1.860850334,1.8046087,67.71726
66,2,1.859474182,1.6808653,65.53614
59,1,1.931101084,1.9238495,62.259
54,1,1.841988564,1.6974896,61.534935
64,2,1.945112467,1.7651155,64.837776
55,1,2.590903521,2.229876,57.104042
58,1,2.316131115,2.1406202,59.08876
70,3,2.053847313,1.840928,67.42448
70,3,2.319813251,2.2600677,68.05841
66,2,1.831988454,1.640446,64.61705
73,3,2.078944445,1.9130664,66.59477
65,2,1.943552852,1.7931702,65.28606
70,3,2.044911385,1.8066218,67.97447
53,1,2.053733587,1.9089595,65.11565
72,3,2.253049612,2.1721592,67.27402
70,3,2.28945446,2.1973855,68.443375
70,3,1.989455581,1.7201235,67.45361
74,3,2.01931715,1.7231787,67.156815
70,3,1.98272121,1.7648506,62.625805
50,1,2.493436337,2.2230167,57.036636
70,3,2.315764904,2.0241432,68.612595
45,0,2.400119305,2.1835315,56.529156
70,3,2.006186247,1.7905893,67.849655
63,2,2.047448635,2.0017257,65.86203
70,3,2.170161009,1.863048,67.238045
63,2,2.096684456,1.7533824,60.513268
37,0,2.096238136,1.8958416,67.216324
70,3,2.164148808,2.0321715,68.38713
58,1,2.084056616,1.8706979,66.14686
70,3,1.933416486,1.7629735,66.215065
65,2,2.277104378,2.189163,63.808372
70,3,2.292373419,2.0415025,57.68979
70,3,2.197879791,1.9238644,67.35793
58,1,2.498988867,2.1321864,56.857956
64,2,1.878948927,1.9737357,61.187218
70,3,1.953788161,1.7766433,66.831314
62,2,2.281058311,1.6839628,63.398125
50,1,2.370976925,2.0328038,57.929848
64,2,2.035619259,2.0337603,60.998646
64,2,2.034330845,1.7885045,65.080185
72,3,1.785195827,1.6226606,62.333588
70,3,2.044911385,1.8066218,67.97447
70,3,2.01260829,2.0821075,62.634457
55,1,1.760243654,1.6315976,62.751244
58,1,2.455813646,2.1774697,57.142067
64,2,2.00153017,1.7866678,65.91582
64,2,2.08541894,1.9350101,67.9771
73,3,1.7828058,1.6406562,62.69596
70,3,1.962411284,1.8030717,68.131775
63,2,2.520939112,2.408215,67.533554
63,2,2.120806456,1.904447,65.65377
70,3,2.035191059,1.7938921,67.25189
73,3,2.037235022,1.8231556,66.1469
59,1,1.769707084,1.6729697,63.112526
58,1,2.528528929,2.219131,56.661793
56,1,2.457665443,2.1613595,57.82209
58,1,1.923186779,1.9000508,60.17022
73,3,2.069211483,1.7532665,67.458954
68,2,2.04340291,1.7780495,67.15146
55,1,2.264656305,2.0158386,65.02542
64,2,1.864159465,1.954588,61.450134
67,2,1.978994846,1.8248096,65.92582
62,2,2.253134251,2.1093156,66.283485
74,3,1.801928759,1.689778,63.22465
66,2,2.066324472,1.8216513,66.98551
70,3,2.054695129,1.8042028,66.905396
66,2,1.806009889,1.6563568,62.78345
58,1,1.954933763,1.791199,60.829826
70,3,2.299767017,2.1949644,68.66886
70,3,2.070249081,1.8651611,67.247345
60,2,2.434711218,2.148245,56.711906
63,2,1.996319175,1.7760079,64.29453
70,3,2.381479263,2.2626681,68.26168
70,3,2.104111671,2.095759,66.04096
65,2,2.061341047,1.8737061,61.47555
66,2,1.956858039,1.7170712,66.610275
70,3,2.123228073,2.059295,69.31394
70,3,2.136171579,1.7923137,66.98615
70,3,2.30705142,2.2499797,68.393196
55,1,1.895944595,1.7224889,66.13244
58,1,2.1782341,2.2737103,54.330612
66,2,1.949489236,1.7378365,66.89425
70,3,2.457235098,2.3318124,68.231445
64,2,2.033072948,1.7701067,66.83319
70,3,2.019708633,1.9246254,60.487743
70,3,2.183892727,2.0604582,66.045784
65,2,2.083887339,2.0030656,59.97194
64,2,2.107281923,1.8600172,66.27996
56,1,2.23273468,2.0977442,66.3824
70,3,2.330004454,2.2486393,68.05246
60,2,1.994916439,1.9115816,61.370598
62,2,2.293381929,1.6937103,63.41218
68,2,1.845909953,1.682435,61.850113
55,1,2.185073376,2.0103564,63.205643
56,1,2.17531538,1.9683917,61.595284
58,1,1.934339046,1.9501342,60.377693
57,1,2.44525528,2.079326,57.50943
62,2,2.020494461,1.7439631,62.64014
70,3,2.03592205,1.818013,68.06613
60,2,1.789571881,1.634692,62.240604
46,0,2.099626541,2.088144,54.04844
58,1,1.988057494,1.9862589,61.308533
70,3,1.975167274,1.7735258,65.16119
55,1,2.356570721,2.1533563,57.541687
70,3,1.856303692,1.7978442,67.4398
70,3,2.036561251,1.8167019,67.95599
58,1,1.85093379,1.7516849,61.310257
70,3,2.325972319,2.1467066,57.729057
64,2,2.140301704,2.0850787,63.164223
56,1,2.093568802,2.044926,61.537132
70,3,1.954247236,1.7609637,66.443085
58,1,1.961506963,1.9870186,60.05682
57,1,1.822826862,1.8748688,61.170135
70,3,2.070250034,1.8244148,67.95758
65,2,1.942767859,1.760726,68.03258
57,1,1.958915234,1.6105335,60.305122
64,2,1.933200717,1.8111718,62.78109
60,2,1.949804306,1.6562121,62.672546
64,2,1.763251781,1.766594,64.03996
70,3,2.092597961,1.83443,67.95954
63,2,1.994338751,1.7843466,64.63001
31,0,2.92595315,2.6804955,51.360313
58,1,2.285255194,1.9908122,59.54965
65,2,2.511277437,2.071538,63.338554
70,3,2.857648611,2.8604963,68.58234
57,1,2.65427804,2.5765805,54.882557
45,0,2.506724834,2.1798456,48.903053
65,2,2.131917715,2.0337112,65.30562
66,2,2.142385483,1.946868,60.907402
70,3,2.320365429,2.0666194,63.47994
65,2,2.585808516,2.309855,63.289898
66,2,2.067057133,1.9868709,65.03404
65,2,2.176257133,1.9438579,60.35901
70,3,2.971456766,3.0208776,69.42218
63,2,2.305962801,2.0800028,63.8394
57,1,2.188761711,1.922517,60.06392
68,2,2.444888353,2.1921034,63.46878
65,2,2.123698235,2.0341172,65.15714
64,2,2.184776783,1.9225749,59.772392
62,2,2.30389142,2.1320553,63.933495
59,1,2.368609428,2.0900319,63.197174
70,3,2.313472986,2.069401,63.745277
66,2,2.101358175,2.018048,65.30368
65,2,2.63742733,2.1494665,61.575436
70,3,2.749820948,2.7465074,69.24422
69,2,2.355031252,2.0877495,63.45704
57,1,2.883551836,2.6557264,51.919456
65,2,2.201336145,2.0000072,60.161407
70,3,2.382607937,2.1114714,64.66423
57,1,2.917006016,2.6637816,52.015003
66,2,2.128823996,2.0328004,65.030495
58,1,2.128267527,1.9006639,59.338577
68,2,2.863830328,2.8207436,65.53057
67,2,2.258956909,2.2141027,65.85002
63,2,2.20493269,1.9822929,60.48284
59,1,2.249657631,2.0609715,58.712936
57,1,1.957573533,1.6866815,64.63578
70,3,2.319415808,2.0315154,59.74208
59,1,2.300718546,2.0536063,60.073807
58,1,2.201700687,1.9534198,59.756126
58,1,2.13756156,1.8741999,59.499416
66,2,2.290365934,1.9368262,59.554752
57,1,2.054287672,1.9330899,58.180588
57,1,2.205252171,1.9564072,58.178917
70,3,2.178318501,1.9676851,59.58672
58,1,2.051720381,1.7149471,65.29579
58,1,2.045504093,1.6810801,65.6015
66,2,2.187540531,1.8529779,66.292145
70,3,2.863852262,2.962163,69.22877
70,3,2.737455368,2.8226743,68.89803
67,2,2.515310287,2.3160012,59.80939
57,1,2.373185158,1.9595019,59.70331
70,3,2.696497202,2.8010178,68.828674
70,3,2.202046871,1.8618983,67.049774
70,3,2.323656321,2.0887108,64.805374
63,2,2.388954878,2.0936399,64.522934
70,3,2.804074526,2.9020145,69.379074
66,2,2.179136992,1.7868629,60.666725
70,3,2.767356157,2.863713,69.25613
70,3,2.838015079,2.8620012,69.21588
70,3,2.920765877,3.0252411,69.193695
70,3,2.826673985,2.9191637,69.02166
70,3,2.861913443,2.9572606,68.89724
59,1,2.334223747,2.060173,63.101078
64,2,2.435199738,2.1352065,63.66472
57,1,2.885470867,2.6728888,54.05533
55,1,2.906428337,2.6743183,52.123142
53,1,2.86220932,2.6856072,52.91745
57,1,2.910287857,2.702896,51.830906
45,0,2.90184164,2.7200928,53.968628
53,1,2.907939911,2.7158747,53.262882
58,1,2.947596312,2.6824007,54.092724
56,1,2.935946703,2.7240863,51.73507
57,1,2.929009676,2.73185,54.744602
29,0,2.836587906,2.6840203,54.06004
30,0,2.935930014,2.7538893,51.943573
57,1,2.647702456,2.5470324,54.70595
28,0,2.989480257,2.7241764,51.398827
70,3,2.044017076,2.0244803,66.63222
69,2,2.679495335,2.2436645,62.04731
66,2,2.162806511,2.0640655,65.291336
70,3,2.443988323,1.9965428,61.491665
70,3,2.096424341,1.9802169,65.1847
58,1,2.681207895,2.3058145,60.848648
64,2,2.000644684,1.9162992,64.76515
70,3,2.118516684,2.0127451,65.13732
68,2,2.499158859,2.0086312,61.26561
66,2,2.132358551,2.052341,65.27904
66,2,2.23214674,2.1825328,65.627975
58,1,2.772090197,2.2941616,60.619675
50,1,2.657902479,2.2346642,62.40679
70,3,2.153907061,1.9910214,65.456375
66,2,2.098305702,2.0208466,65.019
66,2,2.024566412,1.9294076,61.012703
66,2,2.131082773,2.0360758,65.01985
65,2,2.540752649,2.0707457,61.61223
62,2,2.386397123,2.049888,63.132526
70,3,2.500357866,2.1841893,63.96575
70,3,2.831750631,2.9330478,69.29194
70,3,2.166876793,2.1301823,66.868385
70,3,2.428963423,2.086126,63.59997
60,2,2.552736282,2.1968887,63.45392
65,2,2.097175837,1.9432658,60.713585
64,2,2.514511824,2.1279736,62.976116
59,1,2.436311245,2.03732,61.79808
65,2,2.706290007,2.400468,62.276005
66,2,2.254865646,1.7610389,64.88569
64,2,2.516535759,2.1921854,62.47296
70,3,2.216582775,1.8469201,66.32466
58,1,2.314107895,2.0978682,63.173958
66,2,2.628395081,2.0435636,59.910976
65,2,2.756231308,2.2636526,63.066917
70,3,2.502677441,2.096337,62.678875
62,2,2.532321453,2.3216262,62.729225
70,3,2.413304329,1.9727314,62.787262
57,1,2.861930132,2.4620557,53.39804
70,3,2.493314028,2.2625568,63.75425
57,1,2.857384682,2.5195181,54.75112
57,1,2.700650692,2.313423,54.84236
59,1,2.330211401,2.2941751,59.03176
70,3,2.409413576,2.0111182,69.07994
58,1,2.235622168,2.1016896,57.516174
57,1,2.769607782,2.3931873,54.40513
70,3,1.974799037,1.8006338,68.430214
70,3,2.32809186,1.8858689,69.33951
70,3,2.152799129,2.226974,61.42064
57,1,2.797106028,2.362969,53.22286
70,3,2.130329132,2.2043943,67.37314
70,3,2.183414459,2.2230992,67.78389
70,3,2.136615038,2.1666005,67.80701
70,3,2.40488553,1.993048,67.20291
47,0,2.738801956,2.4517152,54.197594
70,3,2.779485941,2.7679436,67.67169
64,2,2.883638382,2.4771955,54.060932
60,2,2.041479111,2.045129,66.073395
51,1,2.08313489,1.9467105,52.466125
70,3,2.194827318,1.9529363,69.095474
55,1,2.897913694,2.3822055,52.684727
57,1,2.381687164,2.4011476,60.01973
57,1,3.193769217,2.768487,49.73079
52,1,2.741660357,2.8663964,66.71761
70,3,2.219279528,1.8701017,69.73715
31,0,3.214328766,2.9443226,36.38677
66,2,2.073233843,1.9640384,63.64472
70,3,2.2937572,2.037389,67.95258
70,3,2.279394865,1.9694743,69.602325
57,1,1.946736932,1.8803133,64.20849
66,2,2.117184401,2.0440462,67.38402
70,3,1.87996769,1.9065977,66.35875
70,3,2.355982065,1.908558,69.68405
65,2,2.194112539,2.1051815,67.20152
59,1,2.911574125,2.27337,55.40801
33,0,3.195602417,2.9395545,36.429314
62,2,2.337275982,1.9866974,62.329727
58,1,2.087086678,2.013423,64.91046
70,3,2.550212622,2.4020293,59.82711
70,3,2.502772808,2.273454,66.41548
67,2,2.96143651,2.6857924,63.18697
32,0,2.585910559,2.4191217,48.28002
70,3,2.11360383,2.137481,67.90895
36,0,3.259816647,3.003034,36.4382
57,1,2.868471861,2.4761155,55.18344
57,1,2.736198187,2.3699567,53.718357
64,2,2.118734837,2.0102904,63.701115
57,1,3.168860912,2.5666294,50.87877
33,0,3.24365592,2.9641676,37.00806
56,1,2.384732723,2.2898216,49.130135
56,1,2.718878746,2.405112,53.81858
32,0,3.27296114,2.9948173,36.401634
60,2,2.328608036,2.3208761,59.254665
61,2,2.015941381,1.983271,62.219284
70,3,2.306435585,1.8957832,69.58889
50,1,2.032402515,1.95661,65.00855
57,1,2.899238825,2.3804305,55.37507
70,3,1.976692438,1.8815405,63.668095
70,3,2.349092245,1.9200485,69.16576
41,0,3.204310894,2.9602509,36.408493
70,3,2.041623831,1.9375978,67.33207
66,2,1.874968648,1.9095004,63.60633
57,1,2.425713539,2.0240514,58.87441
64,2,2.189611197,1.8371277,54.63202
70,3,2.364017963,2.1413,69.34965
70,3,2.279961824,1.9811792,67.75229
33,0,3.210077286,2.9604688,36.42329
65,2,2.352268696,2.3933625,60.622475
57,1,2.908697844,2.7665803,54.19373
44,0,3.241067886,2.963854,36.452026
70,3,2.14258647,2.0623405,66.9142
57,1,2.589799166,2.011611,63.984566
31,0,2.803688526,2.5275228,51.558304
28,0,3.27054882,2.9800797,36.322678
37,0,3.19937396,2.9492955,36.408722
29,0,3.226167202,2.9573596,36.39935
70,3,2.298611641,1.9107513,69.63211
70,3,2.226258516,1.8212162,69.651436
70,3,1.939018369,1.8913729,67.095
47,0,2.773131371,2.4093301,49.0759
55,1,3.200337172,2.7758114,55.30887
70,3,2.045600653,2.0988028,64.92283
70,3,2.226586103,1.7734146,69.65303
65,2,2.164769888,2.2676415,64.17613
70,3,2.328584909,2.3077252,68.211845
57,1,2.676122427,2.6152942,62.422802
70,3,2.337968349,2.0225096,69.541275
70,3,2.132306814,2.0807872,67.937515
57,1,2.142965555,2.0159812,64.55353
40,0,2.864810944,2.34214,50.3199
55,1,2.639503002,2.6235838,51.33717
57,1,2.899513006,2.4507656,53.535088
57,1,2.917263985,2.5479472,50.530838
57,1,2.566772223,2.1578398,59.398186
57,1,2.675251245,2.3189247,55.279556
57,1,2.531278372,2.5690215,60.930607
70,3,2.172640085,2.3054533,67.744255
49,0,3.271027803,3.0008864,36.339813
70,3,2.282853842,2.2682743,61.57745
64,2,1.924624443,1.9429278,64.80521
66,2,2.319725037,2.3329363,63.200253
57,1,2.719517231,2.4079578,53.56131
62,2,2.386874914,2.4567642,61.389957
57,1,2.962510824,2.5441449,54.83364
58,1,2.420122862,2.3658018,59.934185
29,0,3.22729373,2.9371212,36.3575
57,1,2.344426155,2.3294623,59.20526
70,3,2.232124805,2.2506807,61.2741
41,0,2.837379932,2.39127,52.349472
70,3,2.299086571,1.9844023,68.250114
39,0,3.322403669,3.0698323,36.412106
57,1,2.501330137,2.4383178,59.61004
58,1,2.360532522,2.0764287,66.12634
66,2,2.346299887,2.3794897,60.680435
30,0,3.306614161,3.0348814,36.336613
70,3,2.328480482,2.2567322,63.23629
65,2,2.422495365,2.289048,55.900734
57,1,2.560323238,2.6258337,49.61478
45,0,2.648615122,2.7191157,46.644
62,2,2.545113087,2.5834532,49.501915
58,1,2.498929262,2.525139,50.03391
57,1,2.523902655,2.6625087,50.59222
54,1,2.645357847,2.7381616,47.014977
37,0,2.657052279,2.6607368,46.216286
56,1,2.540567875,2.668048,49.62262
55,1,2.570673466,2.6970382,47.355705
57,1,2.565494537,2.7350163,47.63674
38,0,2.567636013,2.684122,46.368896
57,1,2.545032263,2.6164913,49.125458
57,1,2.56411314,2.6240134,50.15417
57,1,2.513864994,2.5625772,49.710564
48,0,2.575793266,2.6689582,46.546265
58,1,2.480345011,2.5927558,50.00103
59,1,2.685193539,2.7581692,51.334625
43,0,2.573394537,2.677757,46.9718
37,0,2.617206812,2.6412017,46.198143
40,0,2.642567396,2.7257664,46.02921
36,0,2.693208218,2.6814585,45.881546
57,1,2.632904291,2.6316762,47.602573
42,0,2.610339642,2.648409,45.617805
51,1,2.650929451,2.688856,50.274857
57,1,2.531820059,2.5447638,49.760498
46,0,2.586335897,2.5585356,49.329544
47,0,2.601410627,2.5883293,48.92073
50,1,2.675384283,2.732376,49.355286
70,3,2.850636721,2.985851,57.074722
35,0,2.495559692,2.5316947,47.14763
46,0,2.515765905,2.6947649,49.006912
33,0,2.650049925,2.667665,45.607872
57,1,2.570726395,2.7124307,51.318184
33,0,2.705512047,2.8091962,46.230827
58,1,2.539759874,2.618652,50.318996
55,1,2.614973068,2.7098312,49.32009
57,1,2.572463036,2.6865098,46.93256
56,1,2.686882734,2.7093968,49.993988
58,1,2.569653034,2.6369102,49.923187
68,2,2.788151979,2.8446753,54.522606
43,0,2.610546827,2.5295417,49.047646
48,0,2.60287118,2.7160347,46.61283
56,1,2.528325319,2.5525882,49.96632
40,0,2.582948923,2.619902,46.532116
70,3,2.970402479,3.032334,57.307667
35,0,2.590730906,2.7251296,46.69639
30,0,2.634330511,2.657553,46.529686
29,0,2.579197407,2.6406937,46.91697
43,0,2.727281809,2.729678,50.005447
56,1,2.663867474,2.6626158,46.49533
41,0,2.545012951,2.564975,49.6781
56,1,2.58349967,2.6494899,46.870285
37,0,2.95196414,2.9558158,55.129826
70,3,2.497548342,2.6715662,47.614006
58,1,2.70102191,2.6743486,46.51564
58,1,2.584247828,2.631902,46.675724
58,1,2.981853485,3.0046134,56.59975
58,1,2.439849615,2.367188,56.543617
37,0,2.466221809,1.9703239,41.4741
55,1,2.996780872,2.974668,54.13199
57,1,2.48623395,2.6223278,39.0128
32,0,2.511496305,2.5621543,42.155205
32,0,2.487722874,2.5791426,41.88358
39,0,2.435489416,2.4882755,39.52112
51,1,2.503540993,2.6017153,42.65154
39,0,2.512144566,2.625934,40.782715
48,0,2.633110762,2.7350585,38.75751
34,0,2.573077679,2.6633787,39.184334
52,1,2.657474041,2.6958885,48.428932
45,0,2.617488861,2.739442,41.159058
31,0,2.579839706,2.6580386,46.865784
35,0,3.05889678,3.048976,56.73472
31,0,2.729525089,2.8754733,39.664593
51,1,2.628531218,2.7315419,45.924873
31,0,2.694217682,2.8487427,39.043686
40,0,2.484418869,2.64508,39.44483
41,0,2.463197231,2.560928,39.498695
57,1,2.56499958,2.7234943,41.391693
42,0,2.608096123,2.7324638,40.93699
48,0,2.500477076,2.5571032,39.925278
43,0,2.685541391,2.8087342,50.62869
37,0,2.525201082,2.6933758,39.46596
33,0,2.528859854,2.643745,40.47609
32,0,2.609275103,2.1753998,56.543915
30,0,2.663002968,2.847271,39.251495
34,0,2.571699619,2.718793,38.620155
31,0,2.550583363,2.6844268,41.895615
57,1,2.998681307,3.0540938,55.730972
60,2,2.974920273,2.9670968,58.2361
41,0,2.588785172,2.6188889,46.065956
44,0,2.61463809,2.6588492,46.365227
52,1,2.677937984,2.7670786,49.29148
62,2,3.329321623,3.1597292,57.644547
57,1,2.506177187,2.6382005,49.094692
39,0,2.578189135,2.6716137,47.193764
67,2,2.617726088,2.688465,47.75287
44,0,2.57619071,2.6266632,45.934395
58,1,3.116738796,2.9591987,52.9907
70,3,2.993663073,2.9528553,55.717632
50,1,2.512497187,2.5526035,50.41513
35,0,2.593539476,2.6691017,45.542908
57,1,2.485243797,2.2065003,56.497765
57,1,2.33954668,2.1953232,55.901722
57,1,2.569302797,2.4997883,55.40343
57,1,2.506320238,2.412574,55.45334
57,1,2.421457529,2.3081865,55.78013
57,1,2.47394681,2.4724295,55.665638
45,0,2.55625391,2.6306345,40.78857
57,1,2.818652868,2.7870643,52.16095
43,0,2.284329653,2.1820042,38.464558
62,2,2.012967587,1.8960594,64.491356
59,1,2.170063496,2.0522358,60.221886
58,1,2.20513773,1.7093602,63.447796
70,3,2.129825592,2.112338,68.13726
70,3,2.119598866,2.082285,67.973465
53,1,2.412334681,1.9584582,59.469185
65,2,2.616075277,2.402895,64.50513
66,2,2.26365447,2.1650755,64.571335
65,2,2.29618907,2.1870878,64.812965
27,0,2.537148237,1.934514,38.972168
58,1,2.734592438,2.6352777,64.85095
70,3,2.138722658,2.1060808,67.98042
66,2,2.231607914,2.0863328,64.750824
27,0,2.278477669,2.1625676,39.49063
65,2,1.939679861,1.8199544,60.594524
65,2,2.06679225,2.0528474,61.725212
65,2,2.592573881,2.4073308,64.433426
70,3,2.122250557,1.6698568,64.94831
70,3,2.233785391,1.703449,63.804295
65,2,2.200122595,2.0486686,61.64965
58,1,1.873839855,1.6780459,63.177406
28,0,2.45238781,1.8486993,39.54772
54,1,2.611815929,2.5136743,48.18432
64,2,1.936058283,1.805195,59.630363
70,3,2.077779531,2.0542214,61.276115
65,2,1.929807067,1.8065431,66.328415
70,3,1.884291053,1.7846963,64.684494
70,3,1.841341615,1.7631792,65.566505
66,2,1.98068428,1.8412528,65.00781
65,2,2.53572607,2.2392542,65.22583
70,3,2.509418488,2.36039,67.86036
65,2,2.286493778,1.8987782,64.711716
70,3,2.124943256,2.0934086,68.01374
62,2,2.588881493,2.3274107,64.706665
70,3,2.266711473,1.8437848,64.27908
66,2,2.325324297,2.2849672,67.240875
60,2,2.10845089,2.0185165,64.66274
65,2,2.243861675,2.2813191,64.25092
70,3,1.994040966,1.8449633,65.25723
70,3,1.959468484,1.8331823,64.97951
70,3,1.979820132,1.8074186,65.666756
70,3,2.000795841,1.8721817,64.70935
65,2,2.007233858,1.674148,65.37663
70,3,1.882714629,1.8763539,66.1905
65,2,1.953852534,1.8169922,64.63486
68,2,2.178481579,2.0807817,65.16583
70,3,1.812898278,1.7267528,65.63923
28,0,2.357173204,2.0898004,55.336502
65,2,1.881789088,1.787744,66.50872
65,2,2.144139767,1.9835845,64.03025
65,2,2.038948774,1.8956403,65.92592
64,2,2.055522919,1.9381655,65.11589
57,1,2.414464712,2.4939842,58.56472
65,2,2.015167475,2.094659,63.447414
57,1,2.427668333,2.5707572,57.688553
55,1,2.006062984,1.9075226,56.89367
57,1,2.56542635,2.7060156,57.714996
56,1,2.519004822,2.3553216,60.734245
57,1,2.49642992,2.5738418,58.03946
54,1,1.986512303,1.8747616,57.08899
39,0,2.017796755,1.935285,56.67791
64,2,2.093192577,2.1709278,62.601334
35,0,2.20959115,2.0643747,54.747818
70,3,2.127742767,2.093349,69.03727
57,1,2.562256098,2.6350844,58.538414
57,1,2.419150352,2.4030323,60.56232
57,1,2.247444391,2.0788026,54.69179
57,1,2.258716822,2.1182046,54.97857
58,1,2.47766757,2.4958396,59.01482
57,1,2.247153044,2.1427376,54.79622
57,1,2.417138577,2.3824177,58.62916
57,1,2.231842279,2.138756,55.234528
58,1,2.42180562,2.4440084,59.147858
57,1,2.360889673,2.1709254,54.852226
57,1,2.007810593,1.9134711,56.44876
57,1,2.253119707,2.1094122,54.982567
57,1,2.41498208,2.2852323,58.63703
57,1,2.323633909,2.1811078,54.923157
57,1,1.976259589,1.8535864,56.812874
56,1,2.274304152,2.1441538,54.60961
57,1,2.311616659,2.111058,54.833847
57,1,1.995312572,1.8852623,56.64922
61,2,2.17465353,2.2004595,61.862144
55,1,2.091868401,2.1264083,62.866104
33,0,2.3139925,2.1596146,54.630913
70,3,2.327186823,2.2812438,69.04516
63,2,2.271707058,2.2167387,60.198498
63,2,2.449898481,2.393044,60.911613
56,1,2.341917992,2.283189,60.496655
59,1,2.272788048,2.2162094,60.411224
56,1,2.334576845,2.2746916,60.49454
59,1,2.413868189,2.4161043,60.248543
58,1,2.33366251,2.2692788,60.569523
59,1,2.293837547,2.2101128,60.476566
60,2,2.451395988,2.3910618,60.94136
55,1,2.293979883,2.2042828,60.705757
62,2,2.433151484,2.4046998,60.79883
58,1,2.290403605,2.2651112,60.282177
62,2,2.394317865,2.3557355,60.790306
65,2,2.289730072,2.2260008,60.50892
58,1,2.289176702,2.1997204,60.69279
62,2,2.302792311,2.2310464,60.580383
60,2,2.255020618,2.19187,60.60515
62,2,2.414032221,2.403197,60.753048
62,2,2.29496336,2.2522302,60.490746
59,1,2.26822567,2.2482216,60.40616
64,2,2.252433777,2.2211466,60.481743
57,1,2.324331522,2.2679198,60.428036
60,2,2.443864584,2.383151,60.81592
55,1,2.414278269,2.360619,60.4327
65,2,2.26084137,2.1830668,60.360703
63,2,2.264026642,2.2241013,60.371307
61,2,2.43270421,2.394607,60.77625
65,2,2.231587172,2.1682549,60.523685
55,1,2.291457415,2.2173853,60.413155
59,1,2.387553692,2.383423,60.198067
59,1,2.301888227,2.2215865,60.628365
59,1,2.280698538,2.2365742,60.479248
58,1,2.301910162,2.2115095,60.60637
57,1,2.571111679,2.4249313,54.28006
56,1,2.556338787,2.3715115,54.08035
57,1,2.533461571,2.383415,53.51031
28,0,2.53614831,2.375805,53.13433
57,1,2.579032183,2.4010499,52.783463
26,0,2.614169598,2.4291668,54.268898
57,1,2.612065554,2.4115255,53.75083
57,1,2.557480097,2.4155436,54.049026
57,1,2.507052898,2.3446858,53.4728
42.5,0,2.639404535,2.4083734,52.10699
57,1,2.579170704,2.399539,54.07731
65,2,2.493849039,2.3131847,53.744247
57,1,2.591017485,2.3899283,54.21559
64,2,2.532810926,2.3689208,54.225212
58,1,2.467145443,2.328302,53.461983
57,1,2.601611853,2.4399362,53.737694
57,1,2.530360222,2.3760412,54.012825
59,1,2.596737623,2.374105,53.22003
70,3,2.271095753,2.2039664,67.59523
70,3,1.973807096,1.7913059,69.988525
70,3,2.017791033,1.7812289,69.88682
70,3,2.123450279,1.8610206,69.940285
70,3,2.061674833,1.7953234,69.87234
70,3,1.95151329,1.7727829,69.69882
70,3,2.086136818,1.8344527,69.955956
70,3,2.048418283,1.7935716,69.928314
70,3,2.14178443,1.9651415,69.96889
70,3,2.061432123,1.8195488,70.00521
70,3,2.046508312,1.8585696,70.02197
70,3,2.08274579,1.8256619,70.01202
70,3,2.023180723,1.8229915,70.01151
70,3,2.068404198,1.8812568,69.98629
70,3,2.057095528,1.814025,69.97639
70,3,2.025507927,1.7907277,69.98063
70,3,2.023119211,1.7872335,69.99978
70,3,2.166195154,1.8840271,69.990616
70,3,2.03881669,1.813298,69.96262
70,3,2.000509739,1.795207,69.997986
70,3,2.083352804,1.8402783,69.99533
70,3,2.101602793,1.8029387,69.87773
70,3,2.095566273,1.900883,69.976654
70,3,1.993779778,1.7997015,69.9945
70,3,2.053398609,1.8339778,69.91453
70,3,2.008766174,1.7972441,69.96855
70,3,2.180293798,1.8580027,69.768265
70,3,2.120498419,1.8587701,69.8436
70,3,2.043802023,1.8445859,69.95467
70,3,2.119111538,1.8256772,69.93783
70,3,2.070355177,1.8315086,69.99939
70,3,2.123100996,1.8565005,69.991905
70,3,2.110812664,1.877846,70.01181
70,3,2.13276577,1.8624991,69.90398
70,3,2.135454893,1.8853735,70.00176
70,3,2.105838299,1.881381,69.99952
70,3,2.104782104,1.9350649,69.84255
70,3,2.035257101,1.7828314,69.86032
70,3,2.011030674,1.79376,69.9916
70,3,2.021342278,1.7950468,70.00979
70,3,1.989479423,1.803999,70.00609
70,3,2.087037563,1.8170025,69.88757
70,3,2.065165997,1.8621305,69.97981
70,3,2.010462284,1.7609187,69.839516
70,3,2.056771517,1.79983,69.93609
70,3,2.053791046,1.8393856,69.95751
70,3,2.063540936,1.7899847,69.83678
70,3,2.085256577,1.8935951,69.95376
70,3,2.036623955,1.7906926,69.989815
70,3,1.965634942,1.785895,69.99835
70,3,2.024708033,1.8356934,70.00821
70,3,1.9753896,1.7549632,69.88668
70,3,2.096606493,1.8133571,69.806725
70,3,2.111097097,1.8548092,69.88993
70,3,2.024763584,1.8396987,69.81464
70,3,2.194593191,1.9310025,69.780594
70,3,2.093034267,1.8259771,69.8251
70,3,2.057698488,1.9070331,69.7959
70,3,2.272096157,2.1015966,69.038445
70,3,2.258335114,2.2129633,68.39624
70,3,2.255321264,2.172401,67.78052
70,3,2.254424095,2.17367,68.285034
70,3,2.093914032,1.8927746,69.99204
70,3,2.115409613,1.8231715,69.91469
70,3,2.102725983,1.9045026,69.88759
70,3,2.074968815,1.8775592,69.959915
70,3,2.228144646,2.1206758,68.2138
70,3,2.108076572,1.9409912,69.87745
70,3,2.167410851,1.9182172,69.95722
70,3,2.164804697,1.9008231,69.86932
70,3,2.019483089,1.7956935,69.89185
70,3,2.055834055,1.7916654,69.98109
70,3,2.076224804,1.8210477,70.00868
70,3,2.004664421,1.8104861,69.942635
70,3,2.141593933,1.8520892,69.90133
70,3,2.060959339,1.7917613,69.967
70,3,2.058218241,1.8642817,69.98738
70,3,2.140161514,1.9261994,69.82349
70,3,2.102860451,1.8339121,69.94284
70,3,2.153971195,1.89661,69.86528
70,3,2.325387001,2.072829,69.88915
70,3,2.333433867,2.1418202,69.87842
70,3,2.256542206,2.072587,69.94685
70,3,2.097158194,1.8919649,69.952774
70,3,2.011786222,1.8068188,70.00271
70,3,2.009359598,1.8002951,69.84952
70,3,2.052765369,1.7780005,69.96645
70,3,2.065562248,1.8459939,69.98876
70,3,2.080324888,1.8640908,70.00695
70,3,1.965634942,1.785895,69.99835
70,3,1.986250162,1.7734705,69.98437
70,3,2.097004414,1.8717948,69.946
70,3,2.078838587,1.8218354,69.95838
70,3,2.002044439,1.8006593,69.99173
70,3,2.106990576,1.840076,69.890434
70,3,2.081546783,1.8563498,69.981
70,3,2.016280174,1.7771783,69.9475
70,3,2.026317835,1.8210976,69.91031
70,3,2.017843008,1.7865798,69.978966
70,3,2.012525082,1.7888792,69.980225
70,3,2.093245506,1.816255,69.90404
70,3,2.047606707,1.8046819,69.95317
70,3,2.01661706,1.8419067,69.84372
70,3,2.031787157,1.7999914,69.91114
70,3,2.088682175,1.8401563,69.92239
55,1,2.761427641,2.5764213,40.1217
54,1,2.746589184,2.5725296,41.54949
42,0,2.752347708,2.5594127,40.356277
29,0,2.789581537,2.5524826,40.19149
48,0,2.80320859,2.6250103,40.11909
52,1,2.759889364,2.5858564,41.28118
52,1,2.931458712,2.7912557,56.647552
39,0,2.772812128,2.578507,40.0293
28,0,2.859328747,2.5887415,39.572613
67,2,2.450245857,2.4705677,61.023125
57,1,2.927993298,2.8873992,58.29874
57,1,2.88216877,2.5910141,55.86541
57,1,2.989056826,2.7747223,55.440483
62,2,2.897372484,1.9884298,64.42543
57,1,2.760472536,2.6401544,56.6934
33,0,2.802529812,2.571688,40.30113
40,0,2.763769865,2.5545459,40.28936
43,0,2.796098471,2.5922177,40.069736
38,0,2.84368372,2.6567993,40.125652
40,0,2.792863369,2.5713422,40.815483
57,1,2.86655879,2.679082,56.604317
62,2,2.530237198,2.5997257,60.190125
65,2,2.485637188,2.5742192,60.624756
51,1,2.835049868,2.6994426,56.36939
57,1,2.65594697,2.6913664,58.44548
43,0,2.720757723,2.6052403,40.846725
58,1,3.125013828,2.8798103,56.111576
58,1,2.479734659,2.4667327,60.72329
58,1,2.669342995,2.6304202,58.342243
58,1,2.829171658,2.5835717,56.135414
65,2,2.731472015,2.7055917,58.062263
57,1,2.703782797,2.7512002,58.724102
64,2,2.575815678,2.5343962,59.32891
47,0,2.808946848,2.6407335,40.176537
58,1,2.892356396,2.6728268,56.303444
57,1,2.853549004,2.742179,58.77304
27,0,2.89836216,2.6059873,39.52913
33,0,2.945525169,2.761846,39.722866
28,0,2.836772203,2.5607657,39.898495
64,2,2.831822157,2.643053,59.167267
28,0,2.811574221,2.5749362,39.63848
55,1,2.978781223,3.0039053,63.146233
65,2,2.876173973,2.667931,61.51567
40,0,2.821471691,2.6217194,40.540146
57,1,2.641700506,2.4824739,56.502243
55,1,2.91031456,2.6079023,56.423588
54,1,2.787999392,2.604889,40.613937
56,1,2.831669092,2.6959178,39.90162
50,1,2.719521761,2.5448291,40.990715
57,1,2.906407118,2.7898107,58.380516
70,3,2.247808456,2.2134445,59.599842
27,0,2.447802544,2.2632596,45.970352
27,0,2.444964409,2.2321172,45.56215
54,1,2.522229671,2.283693,45.52233
56,1,2.536309958,2.3039155,45.613434
53,1,2.513245821,2.2864711,45.678303
27,0,2.59408927,2.3328586,39.72158
33,0,2.446315289,2.2601871,45.222553
27,0,2.513608456,2.3200016,44.873966
33,0,2.450470686,2.2182064,45.468483
33,0,2.498551607,2.247447,45.18153
29,0,2.83232522,2.68531,44.296112
27,0,2.820291758,2.6949039,44.102814
27,0,2.839975119,2.6907973,44.256046
27,0,2.824401379,2.6975853,43.971436
27,0,2.836140394,2.7008483,44.099575
26,0,2.863018751,2.7258596,44.090324
26,0,2.738221645,2.642863,43.62584
57,1,2.840424538,2.5810134,44.73439
53,1,2.209223032,2.2571259,60.21402
60,2,2.22327733,2.241563,59.755817
64,2,2.211879253,2.2321284,59.461487
59,1,2.196228504,2.207239,58.016525
50,1,2.275125265,2.3074784,47.40959
29,0,2.300578356,2.2848334,46.251488
30,0,2.275747061,2.2893703,47.857
57,1,2.602296352,2.5126,55.548557
57,1,2.602379799,2.471959,54.95497
57,1,2.581032753,2.424153,55.298832
57,1,2.566714764,2.4232621,55.135017
57,1,2.554431438,2.4426584,55.160233
57,1,2.602040768,2.5126035,55.639843
32,0,2.321014404,2.335602,37.36216
52,1,2.25150919,2.2401118,39.1226
32,0,2.303883076,2.3295007,37.559837
29,0,2.307561874,2.3298879,37.737217
28,0,2.361737251,2.3896837,37.188828
38,0,2.362861395,2.3833253,37.631878
28,0,2.315582275,2.3286061,37.36124
29,0,2.315124273,2.3566387,37.325104
33,0,2.350665092,2.3539734,37.72266
31,0,2.360923052,2.3835258,37.301212
67,2,2.318892479,2.3664541,61.175888
70,3,2.274718285,2.2791162,61.88092
70,3,2.211084604,2.2899399,62.164024
70,3,2.239709616,2.2691474,61.941067
70,3,2.228043795,2.2559657,62.154335
65,2,2.359526873,2.3824115,61.269466
64,2,2.304432154,2.3859003,61.241753
66,2,2.235202312,2.3187115,61.58656
66,2,2.306528568,2.3595438,62.050556
70,3,2.32051897,2.3339772,62.010223
65,2,2.180534601,2.2238374,59.98905
34,0,2.326057673,2.357732,45.49742
36,0,2.171148777,2.2391229,61.016342
57,1,2.163535118,2.2209935,59.54856
70,3,2.168782711,2.2424788,61.77359
27,0,2.308459282,2.375449,45.035873
30,0,2.151870251,2.2283561,60.496277
28,0,2.308162451,2.3502138,45.631718
63,2,2.158813953,2.2324305,59.87207
62,2,2.151678324,2.1905594,58.315697
63,2,2.164788246,2.1955378,59.275192
29,0,2.311014414,2.341232,45.48471
50,1,2.3133986,2.3718152,46.709183
66,2,2.930536985,2.0174205,64.45737
66,2,2.931830645,2.0503736,64.48467
70,3,2.921385765,1.9834276,64.54333
66,2,2.970425367,2.087363,64.15852
65,2,2.978780508,2.0882745,64.39992
68,2,3.006851435,2.097235,64.06088
66,2,2.992664099,2.080131,64.414185
66,2,2.959914684,2.0656786,63.76675
66,2,2.973190546,2.0921388,64.02029
66,2,2.935622215,2.021186,64.42503
65,2,3.001868486,2.1137626,63.69552
26,0,2.492488861,2.260533,45.30108
56,1,2.468360186,2.2408319,45.98474
57,1,2.783537388,2.658787,43.809185
57,1,2.783608675,2.6579554,43.834724
50,1,2.301337242,2.3024216,46.229458
27,0,2.344323874,2.4477217,37.305992
27,0,2.336546183,2.374461,37.44924
27,0,2.384165049,2.4050896,37.416218
26,0,2.366856575,2.4687216,37.420837
25,0,2.299455643,2.405138,37.570633
28,0,2.298491716,2.3434408,37.894253
57,1,2.363437176,2.364393,60.800312
69,2,2.407325745,2.0421145,61.424133
59,1,2.15884161,2.0501192,61.412983
70,3,2.405554771,2.1052418,60.253876
63,2,2.372832537,2.011208,60.867912
70,3,2.515091419,2.1432202,66.57879
70,3,2.547806501,2.2861094,66.24667
66,2,2.314881325,1.9539312,61.12796
33,0,2.31906414,1.8288759,54.812973
70,3,2.195239067,1.9763178,67.029564
57,1,2.346564531,2.021663,57.847107
63,2,2.333909273,2.0117145,59.918716
70,3,2.336829185,2.0578492,67.39337
70,3,2.343090773,2.250156,68.41095
56,1,2.153533936,2.0839038,56.80703
62,2,2.351590157,2.2836568,58.324444
59,1,2.266729593,2.0070047,62.121506
66,2,2.443912745,2.3051612,67.62581
70,3,2.474429369,2.2588823,66.78711
45,0,2.39363122,2.3254008,55.47364
70,3,2.253076553,1.9802154,61.615402
42,0,2.120422125,1.822456,55.59293
60,2,2.347827911,2.012057,60.108925
70,3,2.501640797,2.3001847,67.12787
66,2,2.347753048,1.999387,60.994617
70,3,2.300825119,2.257685,69.14863
66,2,2.110886335,1.858399,58.784508
58,1,2.600071907,2.493411,66.14431
60,2,2.331983805,2.0337992,60.59352
70,3,2.428012133,2.2522957,68.55435
58,1,2.370060921,1.9250709,63.26835
70,3,2.492620707,2.322841,67.68224
70,3,2.267668962,2.058295,58.85382
69,2,2.512104034,2.2533634,65.72937
70,3,2.54097724,2.305194,68.017555
70,3,2.076289892,2.1161306,69.44409
70,3,2.50258708,2.3347735,67.49765
60,2,2.348529816,1.9884357,61.697495
58,1,2.186720133,2.089526,58.417095
70,3,2.347241163,2.3633063,69.123795
70,3,2.488372326,2.2726738,67.48912
58,1,2.561198473,2.279898,65.19905
58,1,2.350999594,1.9893026,60.82682
58,1,2.195724964,1.880869,59.484543
58,1,2.315606356,1.9270409,58.614983
58,1,2.31862402,1.9815017,58.243614
70,3,2.476448298,2.099515,66.46354
64,2,2.171384811,1.8591385,60.79439
66,2,2.344880581,1.9024613,56.49205
46,0,2.254029989,1.9809073,49.665394
61,2,2.339344025,1.9536293,59.049732
58,1,2.415411472,2.0129564,58.35385
70,3,2.405792236,2.0386767,63.320755
64,2,2.229287863,1.874766,58.178528
70,3,2.524343967,2.316152,67.01837
70,3,2.501640797,2.3001847,67.12787
64,2,2.409095287,2.1188126,59.88373
70,3,2.447043657,2.1636124,67.43221
27,0,2.265277863,2.2066593,46.649616
68,2,2.170858622,1.8734591,57.95835
62,2,2.269876003,2.018188,60.893272
67,2,2.407500744,2.1180956,66.272125
58,1,2.5304842,2.117581,61.84951
57,1,2.252678394,2.0388758,59.064697
70,3,2.509893894,1.9226826,66.3625
70,3,2.18824029,2.2013392,69.38506
59,1,2.268341303,1.988765,60.588074
66,2,2.489939928,2.148448,60.800854
62,2,2.301358223,2.0675557,60.42186
58,1,2.326491833,2.0518553,58.66918
68,2,2.329045773,2.0837612,67.346954
70,3,2.349271297,1.9993763,57.9987
57,1,2.374317408,1.9767424,58.766006
66,2,2.133345127,2.077546,60.142975
59,1,2.421757698,2.087729,57.925014
58,1,2.183663368,1.8166231,58.58255
70,3,2.439445496,2.090007,66.88742
70,3,2.534766912,2.1529884,66.64164
59,1,2.375793695,2.033608,58.517662
65,2,2.460506439,2.2484744,66.86073
70,3,2.09574914,2.0607464,69.36373
58,1,2.220629454,1.9872487,63.01528
65,2,2.528273106,2.3105352,66.82554
58,1,2.317904949,1.9606141,58.782307
70,3,2.499758959,2.25771,66.436935
68,2,2.430236816,2.0768402,67.27146
59,1,2.34566164,1.9811378,58.224693
70,3,2.334656715,2.3187928,66.02105
63,2,2.294793606,2.0048995,60.2324
70,3,2.409039259,2.0958104,66.96531
70,3,2.357450962,2.1543195,66.08923
62,2,2.497513056,2.1624694,66.84062
60,2,2.468123436,2.2139173,67.10405
58,1,2.045410633,2.075559,58.20883
70,3,2.337617874,2.2564943,64.99998
67,2,2.453630924,2.2626038,67.21802
70,3,2.477716446,2.2105458,68.11161
70,3,2.323655128,1.9684287,61.99092
64,2,2.467793465,2.1800363,66.118805
62,2,2.384493113,1.9927115,59.58207
68,2,2.521096945,2.3566403,67.54527
58,1,2.092167377,1.8399135,61.974663
70,3,2.610466003,1.9984041,66.26867
57,1,2.412593365,2.5002515,58.818848
57,1,2.358061552,2.4391131,59.26323
57,1,2.421332836,2.4765732,59.709076
56,1,2.427577972,2.499057,60.590126
57,1,2.454926252,2.5156765,59.193417
50,1,2.452554464,2.4665177,60.42864
58,1,2.407484055,2.4497328,59.04309
65,2,2.387005329,2.4700246,60.410423
54,1,2.377784967,2.4667287,58.677944
57,1,2.401019812,2.486812,59.526306
57,1,2.48406601,2.50081,60.312664
58,1,2.325204849,2.4101267,61.514275
58,1,2.304118395,2.3872032,61.56203
59,1,2.297609806,2.366761,59.871628
68,2,2.195842743,2.2840626,60.501926
58,1,2.294032097,2.3805497,61.258236
65,2,2.271051645,2.3370206,61.139
62,2,2.295934916,2.3438401,60.73694
65,2,2.295591831,2.389779,61.007263
57,1,2.263108015,2.339191,60.954403
63,2,2.293200493,2.369647,60.61062
62,2,2.294873476,2.4006095,61.305843
67,2,2.219938993,2.337442,61.77673
70,3,2.239895821,2.344717,63.324585
70,3,2.216968298,2.3534312,63.107357
70,3,2.24123311,2.343441,63.2585
67,2,2.240769625,2.3469217,62.50919
65,2,2.260603666,2.3699446,62.261726
70,3,2.150751829,2.3018749,62.36045
66,2,2.120983124,2.3242426,62.818806
70,3,2.191980362,2.3444042,62.14295
70,3,2.190957546,2.2733185,62.371925
58,1,2.237181187,2.3261294,61.757183
50,1,2.376818419,2.446092,59.320328
67,2,2.362826586,2.4458325,60.07469
59,1,2.324885845,2.3865004,59.631927
60,2,2.346047878,2.405934,60.741585
66,2,2.37965703,2.4376564,60.31271
50,1,2.47837925,2.5055256,59.909492
57,1,2.372069597,2.4146955,60.366676
57,1,2.341603994,2.4046447,59.76925
61,2,2.344404936,2.401013,59.587513
58,1,2.395009995,2.455811,59.86473
70,3,2.220314503,2.1490371,68.97808
70,3,2.10536027,2.0864794,69.12322
70,3,2.13076067,2.2419407,67.70453
70,3,2.147961617,2.1267686,69.59943
70,3,2.170297146,2.1829016,69.307816
70,3,2.222217083,2.2262669,69.676346
70,3,2.069807291,2.1363416,69.24612
70,3,2.068464518,2.105061,69.231285
70,3,2.186067581,2.1838002,69.64997
70,3,2.088870049,2.2189946,69.153336
64,2,2.113948107,2.1220062,67.36017
70,3,2.123755932,2.17339,69.20622
70,3,2.128599882,2.137903,69.543465
70,3,2.10017848,2.112557,69.34761
70,3,2.041114092,2.1416621,69.329025
70,3,2.25510025,2.2626019,69.38501
70,3,2.045728683,2.1054761,69.42296
70,3,2.115077734,2.212325,69.43878
70,3,2.105740547,2.1572022,69.670006
70,3,2.248261452,2.2001028,69.207695
70,3,2.106478453,2.1580918,69.359
70,3,2.114143372,2.1312633,68.62894
68,2,2.073768616,2.1147954,69.025154
70,3,2.136797905,2.223334,69.19016
70,3,2.160853148,2.222438,69.15817
70,3,2.186861038,2.189537,69.2093
70,3,2.056827307,2.12571,69.33766
63,2,2.198920727,2.2203913,68.63196
70,3,2.106541395,2.1614153,68.249405
70,3,2.052417517,2.062205,68.997215
70,3,2.177651644,2.2666516,67.50244
70,3,2.151357174,1.7593033,61.412285
70,3,2.120130777,2.2358153,67.77887
66,2,2.241580486,2.0969841,64.20599
70,3,2.34248662,2.1007707,63.36298
70,3,2.089739799,2.170772,68.056206
70,3,2.220287561,2.1149764,68.82176
70,3,2.041420221,2.1076837,69.06691
68,2,2.679472208,2.6997674,63.61793
70,3,2.093122721,2.0575888,69.275314
70,3,2.066803694,2.1361892,68.64014
70,3,2.045418739,2.077657,67.48287
69,2,2.055052042,2.0488951,68.078674
70,3,2.123654366,2.176079,68.19097
70,3,2.008929014,2.0684526,69.334564
70,3,2.093770266,2.0670645,69.45424
70,3,2.18769145,2.2110994,69.15958
70,3,2.007086515,1.9989895,69.456276
70,3,2.056184292,2.128576,69.23895
70,3,2.124516487,2.0838037,69.53364
70,3,2.083728552,2.093235,69.34535
70,3,1.992945433,2.0208082,69.23401
57,1,2.120536327,2.1829212,68.369804
70,3,2.020629406,2.1104364,68.30648
70,3,2.08325386,2.080825,68.93843
70,3,2.171939373,2.1661355,69.45113
70,3,2.175529957,2.176129,69.80936
70,3,2.394225359,2.470342,62.990395
64,2,2.189810514,2.2137926,68.9447
70,3,2.054625988,2.0871055,68.85343
70,3,2.170479774,2.1393602,69.464294
70,3,2.17572403,2.0795376,68.509766
68,2,2.035467863,2.0104034,68.33423
70,3,2.056381226,2.0842688,69.25837
57,1,2.328534603,2.2090857,58.277794
70,3,2.334981203,1.8055501,64.70768
70,3,2.319317579,1.6920445,64.44176
66,2,2.482168913,1.8061804,64.37436
70,3,2.311151028,1.7267281,64.77822
70,3,2.370539904,1.8679527,65.411865
64,2,2.163613319,1.7946386,61.405884
,-1,1.77204752,1.7112703,65.25118
64,2,2.27173996,1.7262515,64.70347
66,2,2.315062761,1.7444397,64.80884
62,2,2.257325411,1.7018788,64.71594
61,2,2.470581293,1.836945,65.162315
70,3,2.072984934,2.051241,68.00483
57,1,2.312460184,2.311264,57.603912
64,2,2.264477968,2.35512,57.04319
64,2,2.321130037,2.370459,59.128666
57,1,2.332816839,2.367192,57.75429
58,1,2.219590425,2.1992424,57.368332
60,2,2.195517063,2.2646766,58.321606
64,2,2.285707474,2.363738,57.34784
57,1,2.22412014,2.3115492,56.783974
57,1,2.256871462,2.2511613,57.376442
62,2,2.172151566,2.2124698,57.594505
57,1,2.177613974,2.213998,56.305862
58,1,2.217465401,2.2465446,56.693542
57,1,2.265504122,2.2117639,57.725906
58,1,2.275012255,2.3094828,58.069984
58,1,2.169579744,2.1432188,57.54085
63,2,2.345713377,2.2032843,60.50476
65,2,2.547246218,2.2350414,61.10142
56,1,2.675941706,2.276034,58.71991
57,1,2.392955542,2.1356914,59.151917
65,2,2.504424334,2.2511566,59.3516
57,1,2.793013096,2.347776,58.634697
63,2,2.454681396,2.1681714,61.087353
56,1,2.395972729,2.1705308,58.677956
57,1,2.69482851,2.413737,59.55136
58,1,2.631876945,2.326667,58.24086
57,1,2.498214483,2.1320286,58.970444
62,2,2.452429056,2.1478941,60.13137
65,2,2.456864834,2.0974703,60.852142
65,2,2.398017883,2.1655262,60.30935
57,1,2.341109276,2.0339613,58.725967
57,1,2.533553839,2.3823822,58.672447
63,2,2.496701956,2.1651506,60.581303
57,1,2.431761503,2.3122332,59.06678
57,1,2.555761337,2.259736,60.563255
57,1,2.692159176,2.3952274,60.729485
64,2,2.438083649,2.1859677,59.90644
57,1,2.519268751,2.2684984,58.65216
57,1,2.531174183,2.3820946,58.53273
63,2,2.600036144,2.2849255,61.326553
57,1,2.443676949,2.175267,59.40557
57,1,2.48592329,2.2760167,60.35882
57,1,2.375530243,2.0176797,59.79409
57,1,3.262331247,2.567191,57.247505
57,1,2.574599028,2.43518,58.50781
55,1,3.051940441,2.4899893,56.524117
58,1,3.095817804,2.3542695,56.650257
57,1,3.094121695,2.4235022,56.996338
57,1,3.08643651,2.444965,56.678925
57,1,2.703116894,2.4750285,58.69577
57,1,2.75193119,2.4542692,58.40011
56,1,2.593730927,2.4947772,59.508434
58,1,2.718159676,2.4004886,58.188766
41,0,2.196491718,1.8282053,42.18584
32,0,2.194658041,1.8201509,41.460014
48,0,2.195022106,1.8176805,39.761818
34,0,2.219835043,1.8595474,39.848095
44,0,2.20771575,1.841884,39.804306
54,1,2.143270254,1.7861775,42.242184
55,1,2.136100769,1.7781245,42.05291
30,0,2.232372284,1.8304267,40.648964
34,0,2.286801815,1.9423882,39.447998
58,1,2.596870661,2.4091215,60.89672
58,1,2.08289814,2.0147476,58.43232
27,0,2.4744699,2.6182075,56.912285
58,1,2.11243701,2.0917597,57.49405
70,3,2.492310762,2.3254874,62.87113
57,1,2.211646557,2.216264,57.43508
57,1,2.073868752,2.1431503,57.25611
57,1,2.196541071,2.1253266,58.397705
63,2,2.116883516,2.1390483,57.193855
56,1,2.39380455,2.4672408,56.68177
65,2,2.478092432,2.234775,63.717438
54,1,2.400985718,2.4686403,56.599552
64,2,2.364992857,2.4512978,56.84636
62,2,2.525269508,2.3371184,61.382195
57,1,2.376596928,2.4890656,57.06373
57,1,2.383948565,2.484633,56.91291
63,2,2.294629097,2.36364,56.86585
57,1,2.390307903,2.4863617,56.824947
57,1,2.414198637,2.5230324,56.989227
28,0,2.40927887,2.496379,56.918407
64,2,1.994840384,1.9524083,61.889954
57,1,2.697450638,2.2095733,56.898487
56,1,2.007613897,1.9523923,61.39361
56,1,2.330190182,2.3532813,55.55307
58,1,2.537849665,2.1047556,57.173996
57,1,2.208426952,2.239464,57.19982
57,1,2.562689781,2.1219113,56.990147
59,1,2.0213027,1.969551,61.639076
57,1,2.257343531,2.2957263,56.06138
57,1,2.587236166,2.1567457,57.023445
57,1,2.574218988,2.124852,57.01611
70,3,2.048250914,1.9994926,61.494904
57,1,2.538646936,2.0878737,57.0002
65,2,2.014956951,1.9934317,61.81138
64,2,1.958909631,1.9234265,62.261063
46,0,2.243168354,2.294455,56.21251
59,1,2.559586763,2.1063857,57.23906
55,1,2.267972469,2.2919948,57.22959
61,2,1.941622019,1.8964751,61.61898
60,2,2.079590559,2.0381346,60.571274
56,1,2.257650614,2.2971275,56.78684
66,2,2.099678755,2.0515032,62.45094
70,3,2.486711264,2.254345,64.16124
65,2,2.033352137,2.0560424,61.59132
67,2,2.515569687,2.2621639,63.2865
59,1,1.945434809,1.9046347,60.734543
56,1,2.229428291,2.2458591,56.837578
65,2,2.718482733,2.3639934,60.45076
54.5,1,2.19052124,2.08591,64.09864
70,3,2.810020924,2.4423444,60.36637
58,1,2.480375767,2.3300328,67.071915
70,3,2.391517639,2.276231,66.994064
70,3,2.20104599,2.154236,66.56761
65,2,2.81148839,2.4397836,60.391644
35,0,2.032689571,1.6781938,64.859116
66,2,2.724551916,2.3490891,60.51716
70,3,2.235206366,2.1370797,68.05171
67,2,2.5273242,2.274714,66.62671
66,2,2.982230425,2.5155687,60.955734
36,0,2.817976713,2.4201438,60.624584
70,3,2.03362298,1.6660625,64.59288
67,2,2.209331512,2.1466868,64.92252
48,0,2.03688097,1.6214128,64.75148
64,2,2.664744616,2.3444722,60.19536
49,0,1.967734814,1.604716,64.129196
70,3,2.163502216,2.0987375,68.68492
70,3,2.715703249,2.3730824,59.6771
65,2,2.823694944,2.4471798,60.821438
64,2,2.847659111,2.9619412,64.232346
57,1,2.040118933,2.0274594,59.61149
70,3,2.758529425,2.3813562,60.78626
70,3,2.060033083,1.6670038,64.71477
70,3,2.217503786,2.1589005,67.9167
66,2,1.979381561,1.6381955,64.09158
70,3,2.175780773,2.092621,68.19198
61,2,2.31927228,2.2406056,62.686886
70,3,2.142018557,2.0996268,68.30755
70,3,2.143287659,2.142123,68.84068
60,2,2.04204154,1.6471581,64.84978
42,0,2.37810874,2.223864,62.487305
62,2,2.131252527,1.7981778,62.38616
67,2,2.186772823,2.120574,68.26611
64,2,2.359876871,2.2976935,63.64447
66,2,2.215653419,2.090765,62.137997
70,3,2.330288649,2.137642,68.2397
70,3,2.264174461,2.283066,68.64405
66,2,2.22296834,2.1479728,68.07358
70,3,2.246000767,2.122498,66.28346
63,2,2.854153156,2.4286854,62.06781
66,2,2.158891439,2.1859496,61.41996
66,2,2.294495821,2.2654953,65.84882
67,2,2.232465267,2.2163544,67.761734
66,2,2.254151821,2.2350993,68.2263
70,3,2.596941233,2.3696384,67.03636
66,2,2.825232506,2.403541,62.91743
66,2,2.724112034,2.3400738,63.33568
70,3,2.50531435,2.326343,66.57482
65,2,2.742550135,2.3929927,60.591637
67,2,2.086153746,2.0813363,63.829704
70,3,2.780076504,2.382096,62.803
70,3,2.1678195,2.0922153,68.74446
70,3,1.980351329,1.6450816,65.37446
70,3,2.124359369,2.1100879,68.34484
68,2,2.219196796,2.1752517,68.02704
57,1,2.407480955,2.2601144,66.030846
66,2,2.84438014,2.4581413,60.48722
63,2,2.327026844,2.2122493,66.10759
70,3,2.559626341,2.3011882,67.07596
70,3,2.026181221,1.6092492,64.40887
66,2,2.266734123,2.150193,62.31513
63,2,2.723304272,2.3733263,60.00348
70,3,2.777176619,2.3854866,59.735706
70,3,2.458489656,2.3047502,66.52385
55,1,2.333986521,2.2411406,62.370598
70,3,2.278351784,2.270455,66.17627
64,2,2.919636488,2.448655,61.49945
58,1,2.858712912,2.4378395,61.044327
56,1,1.926048398,1.9043785,62.320705
70,3,2.905823469,2.4367397,59.23061
58.5,1,2.024775505,1.6672542,64.96849
70,3,2.74771452,2.3707085,58.03798
60,2,1.969083548,1.6117989,64.7367
48,0,2.731976986,2.352371,60.53832
63,2,2.819892645,2.4269576,61.62807
66,2,2.061874866,1.6699432,64.86164
36,0,2.810599089,2.3996894,60.958347
66,2,2.524943352,2.309196,65.40169
56,1,2.121863842,1.9941937,58.163116
33,0,2.850340605,2.4208546,60.87234
58,1,2.830293894,2.4034188,60.480064
70,3,2.035651207,1.6962398,64.92311
66,2,2.754098892,2.386954,59.85741
70,3,2.169159889,2.1211047,68.36505
66,2,2.23185873,2.2253895,65.79814
56,1,2.076452494,2.002766,59.371494
60,2,2.963813543,2.487233,60.334785
66,2,2.784404278,2.3820283,62.87571
70,3,2.180101871,2.108644,68.81406
64,2,2.880013704,2.4300563,60.368774
65,2,2.142213345,2.1869164,60.698418
40,0,2.137797356,2.042074,62.38974
70,3,2.199649572,2.1159718,66.13673
65,2,2.317383528,2.283691,66.957115
57,1,2.071801662,1.9905521,58.095867
62,2,2.777428389,2.8759627,63.983795
66,2,2.390443325,2.297959,67.65349
66,2,2.281667233,2.2134252,67.9751
57.5,1,2.266897202,2.1790376,56.45005
60,2,2.328144073,2.3357902,63.52262
67,2,2.185635567,2.1278617,66.67454
60,2,1.941729903,1.6238018,64.203285
64,2,2.458784819,2.2968454,66.61578
35,0,2.084944487,1.6929247,64.28746
65,2,2.200639009,2.222623,65.28679
44,0,2.210681438,2.2854025,59.747047
65,2,2.185358286,2.267651,61.298332
59,1,2.053199291,1.6394591,65.23842
65,2,2.160345554,2.1786346,63.192875
70,3,2.248954535,2.1465693,67.84071
70,3,2.151212454,2.0162284,67.15727
67,2,2.353120565,2.2884464,65.803894
58,1,2.199594021,2.0649505,58.051037
40,0,2.204144001,2.2050145,64.52252
66,2,1.974593759,1.60365,64.42436
65,2,2.015875578,1.6569064,65.20867
48,0,1.996973991,1.6365179,64.14265
65,2,1.997475386,1.8945351,61.96988
70,3,2.16677022,2.0845816,68.6618
70,3,2.305119038,2.2342405,68.51135
63,2,1.977564335,1.6642019,63.72293
57,1,2.346196413,2.237179,57.228615
66,2,1.973740935,1.5877737,64.08521
62,2,2.112726688,1.7628711,62.5504
65,2,2.468807697,2.268943,67.07295
70,3,1.984253168,1.6551552,64.58757
58,1,2.008573294,1.6117691,64.53537
54,1,1.945651889,1.5898371,64.25406
32,0,2.94329071,2.4951413,61.001606
70,3,2.180356264,2.0669818,68.58617
70,3,2.390462637,2.2256732,66.193726
66,2,2.852922916,2.4952068,60.29709
66,2,2.304656267,2.2729409,65.87027
70,3,2.325201988,2.2704775,67.96727
63,2,2.387405157,2.3713474,64.61638
66,2,2.115252018,1.7696822,65.562485
70,3,2.305007458,2.2463684,68.368095
65,2,2.802246094,2.4148629,61.578983
65,2,2.742838144,2.494055,65.931465
70,3,2.054345131,1.7299452,65.43021
66,2,2.003734589,1.6651245,65.08973
65,2,2.119141817,1.7438514,64.905205
,-1,2.362601757,2.32861,65.34696
65,2,2.770174503,2.4790156,65.51972
70,3,2.322265863,2.2182245,67.502045
70,3,1.995563507,1.6710621,65.35644
64,2,2.092126369,1.7377286,64.90009
70,3,2.059677839,1.7199607,65.74841
70,3,2.31545496,2.242333,68.03789
64,2,2.055687428,1.745141,64.88326
70,3,2.878624678,2.4135296,61.02897
65,2,2.472620249,2.4254594,66.71235
70,3,2.362313032,2.325724,67.712425
63,2,2.310236692,2.2772207,64.49474
70,3,2.809327126,2.3845813,63.72796
64,2,2.036293268,1.6972342,64.89704
70,3,2.041261196,1.7080238,65.65766
70,3,2.702574968,2.3454704,64.18707
66,2,2.106431961,1.7008945,65.580635
66,2,2.945765734,2.5153632,61.37097
61,2,2.353666544,2.3294404,64.637955
63,2,2.385853767,2.3709183,64.92064
70,3,2.271104574,2.284503,64.99035
66,2,2.136624813,1.7372606,65.123184
67,2,2.041026115,1.6604939,64.77641
69,2,2.07199645,1.735175,64.92292
68,2,2.064749479,1.6984005,65.103386
70,3,2.073036671,1.7233027,64.85545
65,2,2.078099728,1.7567507,64.73722
62,2,2.384185076,2.3444388,64.51787
65,2,2.367372513,2.2454169,67.405716
70,3,2.071117401,1.7067032,65.34644
65,2,2.094475269,1.7514412,65.67317
67,2,2.338659286,2.2083936,67.33206
64,2,2.421274185,2.4032419,64.82464
70,3,2.868216515,2.4246426,64.37836
65,2,2.117353916,1.7288474,65.52143
70,3,2.280976295,2.160533,67.59487
66,2,2.081219673,1.7475518,65.79871
65,2,2.131319046,1.7817612,64.9174
70,3,2.224101782,2.2172322,62.32554
57,1,2.021759748,1.7762064,64.07138
66,2,2.062469244,1.7105095,65.71297
66,2,2.396008015,2.2453609,66.764915
70,3,2.012933731,1.681902,65.47803
65,2,2.182208538,1.792356,65.56687
65,2,2.043554068,1.7025492,65.35005
70,3,2.833969831,2.4278095,64.06112
70,3,2.080280304,1.7232357,65.33878
70,3,2.046119213,1.7568618,65.78259
66,2,2.362044334,2.305147,65.37829
70,3,2.390189886,2.3717065,65.59917
65,2,2.425005198,2.330716,67.30994
70,3,2.330855131,2.291842,66.027214
70,3,2.020415783,1.7306887,65.06006
64,2,2.0081985,1.726516,65.172676
64,2,2.391685486,2.3589175,64.694664
70,3,2.220973015,2.1632855,66.85913
65,2,2.823026419,2.4322302,61.966568
70,3,2.248515368,2.2380161,67.936966
66,2,2.31888938,2.268354,66.44995
70,3,2.037524462,1.7074753,65.51257
65,2,2.78400588,2.504294,65.36023
66,2,2.31912446,2.2816563,66.63117
70,3,2.425523996,2.3358042,67.7229
70,3,2.818760633,2.3980455,64.456825
70,3,2.017747164,1.6916845,65.53229
65,2,2.34215641,2.2742574,67.22617
70,3,2.783221245,2.350399,63.2145
66,2,2.086386681,1.7362989,65.2546
70,3,2.118712664,1.7130351,65.31664
67,2,2.344240904,2.2366161,67.051994
65,2,2.975975513,2.542742,62.202465
70,3,2.331293344,2.2756367,67.864
69,2,1.995705009,1.6757773,64.927086
67,2,2.061990023,1.6847024,62.87601
64,2,2.915225744,2.4821458,61.489418
70,3,2.363462448,2.2606869,68.1037
70,3,1.999621511,1.6875486,65.78134
,-1,2.119562149,1.7111167,65.41918
68,2,2.405232906,2.348982,67.85995
57,1,2.071398735,1.7217822,65.26654
64,2,2.419548988,2.3539867,64.72994
67,2,2.835208654,2.406021,63.68791
70,3,2.024214506,1.6845803,65.85251
65,2,2.703620672,2.3408008,64.44851
64,2,2.742039204,2.3830476,64.219955
70,3,2.63389039,2.3841627,67.19647
65,2,2.093077421,1.7780582,65.492874
70,3,2.314333677,2.2682574,66.45969
70,3,2.419247627,2.3803604,68.091324
70,3,2.344453096,2.313695,67.545944
70,3,2.375118971,2.3398616,68.623405
70,3,2.105694294,1.7684474,65.03068
70,3,2.066982031,1.7319783,65.93205
70,3,2.049588919,1.7357912,65.291084
70,3,2.432285547,2.3160267,67.87608
65,2,2.864655972,2.4671395,62.48443
70,3,2.330394268,2.2658584,68.24471
70,3,2.042188406,1.7408425,64.849915
70,3,2.279690504,2.241578,68.015686
70,3,2.059046268,1.6990294,64.840965
65,2,2.139070511,1.7248844,64.512405
65,2,2.08262372,1.7570701,64.69629
66,2,2.078973532,1.7752573,65.29726
70,3,2.064049721,1.7289785,64.72113
,-1,2.058463573,1.7125423,64.877174
70,3,2.375432014,2.2933006,67.8196
70,3,2.876443863,2.4220798,63.692276
70,3,2.737473726,2.3451672,64.4921
65,2,2.443516254,2.3830166,64.7304
,-1,2.671539307,2.4345899,65.611755
64,2,2.35576725,2.3345,64.75546
65,2,2.130739689,1.783002,65.1343
66,2,2.188519716,2.2194042,59.46334
70,3,1.994224787,1.6659569,65.03226
70,3,2.02712059,1.7183026,65.80744
70,3,2.063655138,1.7029316,65.154854
65,2,2.101384401,1.7483774,65.42325
65,2,2.894191742,2.476749,62.064743
,-1,2.23050189,1.8782744,66.326126
64,2,2.411192894,2.3457487,64.58226
70,3,2.03762269,1.6969533,64.756424
,-1,2.12710762,1.8121309,64.972855
65,2,2.102337837,1.7863079,64.70319
57,1,2.118480206,1.827655,64.650154
,-1,2.118400574,1.7615621,65.4614
61,2,2.072151423,1.6957799,65.44409
,-1,2.165211439,1.8297548,64.263664
65,2,2.136325121,1.794343,65.840225
70,3,2.329524755,2.2409563,68.37227
,-1,2.090574265,1.7486916,64.26866
67,2,2.041556597,1.7250077,65.20257
65,2,2.120286703,1.7880229,64.38477
60,2,2.03676939,1.7355075,61.538277
65,2,2.009698391,1.7289981,65.604004
70,3,2.089387417,1.75904,65.265
66,2,1.977359533,1.6573842,65.51296
70,3,2.281908274,2.2484908,64.58118
70,3,2.339816809,2.2588675,68.04515
65,2,2.128937006,1.7843021,65.226166
70,3,1.98748982,1.690715,65.77609
69,2,2.084552526,1.7625934,66.0335
70,3,2.337183475,2.3479722,65.12172
70,3,2.050326586,1.7342471,64.961426
,-1,2.108678341,1.7644601,64.99956
70,3,1.978472114,1.9858998,64.79695
70,3,1.940334558,1.9829637,65.188385
70,3,2.015305996,2.0406573,66.18234
70,3,1.929503441,1.9857105,65.874176
70,3,1.922665119,2.0085216,65.03728
69,2,1.906190276,2.0013454,65.211205
70,3,2.010917187,1.9607303,64.91449
58,1,2.006799221,2.0557175,62.073788
65.5,2,2.210963726,2.2631402,62.13389
70,3,1.947404742,2.036801,66.87799
63,2,2.062081814,2.050148,64.54978
65,2,2.329781771,2.1857708,60.424065
67,2,2.01735878,2.0604224,65.41632
58,1,2.425139666,1.830906,60.587585
65.5,2,2.013419151,2.0805163,65.39606
67,2,2.474447012,1.877395,67.87143
69,2,2.00247097,2.0076396,64.46907
70,3,1.967942953,2.0132265,65.051956
68.5,2,1.948062658,1.976789,65.58243
70,3,1.928857565,2.012851,66.74006
65,2,2.0899508,2.103695,65.91784
66,2,1.894733787,1.968371,65.05488
67,2,2.043312311,2.0413191,64.552315
66,2,1.955187678,2.052207,64.80456
68,2,2.01267314,2.0025902,65.099014
36,0,1.970109105,2.0596275,64.84108
65,2,2.019859552,1.9790257,66.236855
70,3,2.047467232,2.0575058,64.09252
70,3,1.955794811,2.0059803,66.41753
65,2,1.922477126,1.9725083,65.05277
70,3,2.069664001,2.0467877,66.280716
70,3,1.962750196,2.0287778,63.204933
70,3,2.398685217,1.7802335,67.32707
63.5,2,2.093640089,2.1026247,64.72192
56.5,1,1.869914293,1.9489328,61.569984
66,2,2.042500496,2.0506525,64.47011
66.5,2,1.900964379,1.9812663,64.71126
63.5,2,2.03352952,2.089141,66.29494
70,3,1.94489181,1.9331113,66.52157
57,1,2.029221058,2.098961,64.504486
41,0,2.072088003,2.0020752,59.468216
62,2,2.027982235,2.1077857,64.261894
55,1,1.890027642,1.9573559,61.272278
70,3,2.021253109,2.041966,66.62606
64,2,1.93596983,1.9424032,62.392197
64.5,2,1.980379701,2.0270395,65.14383
66,2,1.967812419,1.9586265,64.999146
70,3,2.010773659,2.0550377,66.13339
70,3,1.996250391,2.0946016,65.91005
64,2,1.995465159,2.0340998,64.35493
65,2,1.984391809,2.099895,66.07561
68,2,1.984630823,1.9601806,64.80835
70,3,1.881494045,1.934836,66.38312
70,3,1.950523973,1.9811003,67.00962
70,3,2.380731344,1.7588775,67.37426
68.5,2,1.939428926,1.8723404,63.922935
63.5,2,2.108160734,2.1150546,65.12271
70,3,1.873260736,1.9678863,65.652275
70,3,2.33176589,1.7849697,67.04141
64,2,2.022309065,2.0650535,64.949615
57.5,1,1.998847723,2.041532,64.49573
65.5,2,2.12880373,2.2150803,65.02075
58.5,1,1.998104334,2.0572767,65.06116
70,3,2.381817579,1.7664979,67.51049
64.5,2,2.019170523,2.0773509,65.2961
70,3,1.926392078,1.93138,65.086
69,2,1.910183787,1.9610723,64.195984
70,3,2.022441149,2.0830758,66.91512
67,2,1.987085938,2.0227947,66.175354
70,3,1.941735983,2.0304496,66.347496
57,1,1.930898547,1.9520297,60.72786
62,2,1.977076292,2.0336766,63.07678
54.5,1,1.916771531,2.0011444,61.076447
64,2,1.961696506,1.9854015,63.59926
70,3,1.98983264,2.092626,67.23011
66,2,2.121439219,2.1378913,65.36966
65,2,1.927006721,2.0310395,64.804214
70,3,1.936405063,1.961822,66.2051
65,2,2.026399612,2.0254369,64.127106
70,3,1.991944075,2.0154352,66.16318
60,2,1.959780455,1.9916505,63.900574
70,3,1.917976618,1.950912,66.05749
59,1,1.959536314,2.0478652,62.82949
56,1,1.932079196,2.0566847,63.13005
66,2,2.43538475,1.7969455,68.29593
58.5,1,2.108079195,2.1674404,65.75345
70,3,2.384274006,1.7487655,68.43271
70,3,1.976804972,2.018203,66.23579
70,3,2.182390928,1.6598752,68.826
66,2,1.976024389,1.986183,64.72264
70,3,1.942953348,1.9695642,65.90169
70,3,1.940183997,1.9430498,64.61466
58.5,1,1.995537639,2.0029888,63.99402
70,3,1.959898829,1.998642,64.540306
61,2,1.939239502,1.9935144,63.54463
64,2,1.951880813,2.082975,63.707985
70,3,2.012428045,2.0347176,64.51972
63,2,1.990714073,2.020807,63.185837
70,3,1.945585847,2.0149474,64.87262
63.5,2,1.964253187,2.0037339,63.872177
70,3,1.944960356,1.9640561,64.87193
67,2,1.892991304,1.9800142,64.56189
70,3,2.029088497,2.0687025,65.87087
65,2,2.45860219,1.8623238,67.09603
70,3,1.935068011,2.0171888,66.86566
57,1,2.013560057,1.8231378,62.05383
70,3,1.977473855,1.9749902,65.1993
63,2,1.926193237,1.9617143,64.94745
70,3,1.988015294,2.0973928,66.26692
70,3,2.492641449,1.8030056,66.74714
66,2,1.924295902,1.9859065,64.89423
65.5,2,1.946287155,1.9665126,64.49162
68,2,2.010710478,2.032231,64.37253
57.5,1,2.016190767,2.0559394,62.804726
65,2,1.993253827,2.0401993,62.270298
67.5,2,1.980674863,2.009611,65.4762
65,2,2.005821228,2.0425653,63.944817
59,1,1.885861158,1.930302,63.86532
57,1,2.239495993,2.2870822,57.678154
65.5,2,2.410392761,1.8058295,68.55897
70,3,2.169158697,1.6329501,68.86489
67,2,2.453966141,1.8116766,67.22667
66.5,2,1.913520098,2.0140228,61.18687
70,3,1.955500841,2.0273862,65.15928
70,3,2.072103739,2.0472775,67.35483
66.5,2,2.016520977,2.0274694,65.55374
70,3,1.862873197,1.9349477,65.44401
70,3,2.18094635,1.6365786,68.71414
67.5,2,1.859942317,1.9326187,64.97102
70,3,1.982496262,2.076707,65.88452
64,2,1.939731598,1.9803718,64.28055
59,1,2.027873993,2.1111183,64.02413
65,2,2.013918638,2.0652697,65.42442
70,3,2.065326929,2.10596,65.060814
63,2,2.094351053,2.1688786,64.39101
70,3,2.366001368,1.764107,67.36568
66.5,2,1.98481071,2.006575,64.61087
70,3,1.976791263,2.0352116,64.015976
65,2,2.147888184,2.1229887,65.8286
66,2,1.975999355,2.048509,65.584885
57,1,1.934908152,1.964929,64.019485
58.5,1,1.989279747,2.023413,63.797962
70,3,2.037759066,2.028296,65.190125
70,3,2.172524691,1.5904781,63.45112
64.5,2,1.992685556,2.0393827,66.41846
68.5,2,2.002957344,2.0672228,62.680447
70,3,1.896351218,1.943808,65.19552
70,3,1.924961925,2.0019155,66.38231
70,3,1.888911724,1.9759948,65.82301
57,1,1.938858509,1.9901825,60.479523
70,3,1.971725702,2.0241444,65.45925
70,3,1.953214049,2.05565,67.15388
70,3,1.939100981,2.0537553,66.02108
70,3,1.93826437,1.9742328,66.44116
56,1,2.291432619,2.336262,57.611534
58,1,2.037712574,2.0598142,64.359344
65,2,1.994697809,2.066538,64.64743
68,2,1.989998579,1.9515975,64.44469
70,3,1.896419287,1.9298493,65.00241
65,2,2.288993359,2.2531545,57.812122
57,1,2.624674559,2.1707528,62.21068
57,1,2.283983469,2.2065969,57.28875
57,1,2.138388157,2.08859,60.385216
57,1,2.029603958,1.6265681,56.2642
64,2,2.394616365,2.233537,62.87726
70,3,2.514890194,1.9384279,62.31353
28,0,1.991611242,1.5995739,55.260307
58,1,2.288271666,1.8960305,59.877434
58,1,2.392252207,1.8119223,57.75273
66,2,2.400682211,1.9208918,64.387726
58,1,2.380724669,2.2550983,62.958984
50,1,2.427714109,1.9680763,55.17638
57,1,2.468897104,1.8707286,60.38868
57,1,2.618854523,2.0058737,57.669724
70,3,2.510953903,1.8872373,59.46286
58,1,1.962362289,1.6139164,56.668922
57,1,1.961246014,1.6048164,56.358932
58,1,1.97393918,1.6000695,56.630363
65,2,2.287391901,2.1099865,62.645393
60,2,1.949870706,1.5858068,56.584755
57,1,1.974309087,1.563639,56.176224
57,1,1.965561867,1.5906193,56.341835
65,2,1.916358232,1.5826865,56.51438
57,1,2.032636642,1.6221656,56.931934
57,1,2.001900673,1.6379659,54.95864
57,1,1.929499626,1.5687083,56.109516
57,1,2.05207777,1.6529707,56.33716
57,1,1.987076163,1.59293,56.3197
57,1,1.959583282,1.5538124,56.32503
66,2,2.243191957,2.165536,64.808525
57,1,1.97079277,1.5823164,56.46401
66,2,2.284762859,2.2060587,59.45247
57,1,2.621772528,2.5038745,56.522903
67,2,2.369191408,2.2559643,60.91021
64,2,2.25812912,2.2372336,60.163666
57,1,2.896217346,2.2265162,56.52051
54,1,2.35633707,2.2492576,55.17847
63,2,2.356744051,1.9727846,61.57956
56,1,2.56264472,2.8568704,56.812763
55,1,2.486716747,2.8047953,56.93711
55,1,2.48224926,2.7398727,57.015366
64,2,2.400516033,2.337185,63.728127
57,1,3.258512497,2.984386,56.482277
49,0,3.26694417,2.900866,44.810413
57,1,2.237603426,2.081945,59.74559
57,1,2.404867411,2.0165586,58.116222
42,0,2.884730816,2.158455,55.82421
50,1,2.413058281,1.9108888,58.339172
55,1,2.567643404,1.9837039,58.039806
70,3,2.345746756,1.7906611,59.675884
43,0,2.156126261,1.8311533,56.377243
56,1,2.623623848,2.67567,53.612118
60,2,2.661795378,2.6325786,60.813835
57,1,2.383421659,1.8660926,59.886635
55,1,2.65576148,2.2335653,57.969414
70,3,2.471523046,2.3203988,62.662952
57,1,2.498739243,1.9318999,58.505943
57,1,2.421362638,1.9033401,57.48272
65,2,2.634773493,2.828144,62.317593
57,1,1.931221604,1.5926441,56.374702
57,1,2.594079733,2.3243973,55.884094
34,0,2.126407862,1.8468252,54.453056
58,1,2.082219362,1.8045707,55.86916
56,1,2.093091965,1.9376197,59.442215
56,1,2.265239716,1.9476165,55.08089
64,2,2.317732573,2.2614923,59.135147
64,2,2.194456339,2.1655927,59.570473
58,1,2.355712175,2.2627919,59.53396
57,1,2.17113781,2.2060444,59.968925
58,1,2.230744839,2.0910888,59.677986
54,1,2.301016569,2.2679954,59.219635
65,2,2.24881506,2.1916556,59.783043
58,1,2.211864948,2.0995865,59.402004
57,1,2.277446747,2.207604,59.358154
57,1,2.254641771,2.1421647,60.015755
58,1,2.217684269,2.2290716,59.299194
59,1,2.054407358,1.9313737,60.264442
61,2,2.2659657,2.1960113,60.391777
29,0,2.329327583,1.963883,51.952766
66,2,2.375809193,2.22749,60.701164
57,1,2.274779558,1.9194459,55.337654
66,2,2.232540607,2.1826584,61.632797
64,2,2.194203138,2.2073133,60.342735
63,2,2.356158018,2.2588308,59.385353
57,1,2.39601779,2.2987206,59.696926
66,2,2.263281107,2.1804094,60.680378
57,1,2.370274067,2.2883358,59.74281
58,1,2.415668488,2.2493014,60.06382
57,1,2.240078688,2.099145,59.463593
57,1,2.322305202,2.1966918,59.358124
64,2,2.292668581,2.225972,59.97725
57,1,2.304185629,2.2558243,58.740597
57,1,3.11930728,2.2813082,56.611668
64,2,2.812216282,2.0821862,57.86895
58,1,2.83689189,2.0719965,57.101624
65,2,2.784522533,2.0562243,57.386646
52,1,2.205443382,1.6557658,58.89821
57,1,2.283293009,2.1719706,62.786617
57,1,2.750242472,2.0495937,56.751663
64,2,2.967774153,2.1905468,58.073627
57,1,2.893757582,2.1664147,56.67428
57,1,2.841931343,2.116897,57.291748
64,2,2.443974733,1.9325178,59.88726
57,1,2.847100973,2.1065257,56.73049
57,1,2.806102514,2.135469,56.088604
65,2,2.465293407,2.0321171,60.558586
57,1,2.868085146,2.1262512,56.741997
56,1,2.743914604,1.9940526,56.287907
57,1,2.578279257,2.0259886,58.26963
55,1,2.395555019,2.5241044,56.90357
57,1,2.43529129,2.5136867,56.720352
57,1,2.718017817,2.0927324,58.66384
57,1,3.167618275,3.0705929,56.44584
70,3,2.409543276,2.0269263,59.580536
57,1,2.39481926,1.8232446,58.71596
57,1,2.602499723,1.9928794,58.461704
70,3,2.479606628,2.3498194,63.15533
30,0,2.234691381,1.7931795,53.638718
27,0,2.42001152,2.188465,44.676804
65,2,2.288266897,2.198112,60.298912
63,2,2.222242355,1.9776515,56.26423
65,2,2.564170837,2.2592576,59.24784
59,1,2.19077158,2.0469997,56.64968
57,1,2.249190807,2.2165995,58.699738
65,2,2.537932158,1.930622,61.35323
57,1,2.498018026,1.9049563,59.36733
63,2,2.488278866,1.9905075,59.6662
57,1,2.518208027,1.926033,60.78327
57,1,2.539483309,2.117912,59.853416
65,2,2.377135038,1.926581,60.077934
70,3,2.430951118,1.8847609,63.801197
65,2,2.410351515,2.286134,62.872562
58,1,2.556390285,2.3382173,55.800663
62,2,2.276203156,2.1201932,62.428303
59,1,2.430003405,1.988712,59.10267
58,1,2.398497343,1.892705,58.647842
70,3,2.247461796,1.8643397,59.8501
62,2,2.435014725,2.372602,63.56366
57,1,2.266963005,2.1166067,58.627254
60,2,2.625601768,2.4580362,55.93972
58,1,1.928207874,1.5988141,56.27751
57,1,1.991107821,1.558452,56.41419
57,1,2.0476861,1.6244439,56.42331
57,1,2.002869844,1.5872847,56.541702
58,1,2.007917881,1.6001108,55.31315